issue_time,time,time_local,lead_h,p10,p50,p90
2026-01-31 00:00,2026-02-01 00:00,2026-02-01 05:00,24,0.0,0.0,0.4569
2026-01-31 00:00,2026-02-01 01:00,2026-02-01 06:00,24,0.0,0.1974,0.5466
2026-01-31 00:00,2026-02-01 02:00,2026-02-01 07:00,24,0.0,0.0642,0.3111
2026-01-31 00:00,2026-02-01 03:00,2026-02-01 08:00,24,0.0,0.0394,0.5554
2026-01-31 00:00,2026-02-01 04:00,2026-02-01 09:00,24,0.1879,0.1879,0.864
2026-01-31 00:00,2026-02-01 05:00,2026-02-01 10:00,24,0.1301,0.2762,0.8833
2026-01-31 00:00,2026-02-01 06:00,2026-02-01 11:00,24,0.1039,0.2971,0.7515
2026-01-31 00:00,2026-02-01 07:00,2026-02-01 12:00,24,0.0794,0.1668,0.7562
2026-01-31 00:00,2026-02-01 08:00,2026-02-01 13:00,24,0.0144,0.175,0.6336
2026-01-31 00:00,2026-02-01 09:00,2026-02-01 14:00,24,0.0,0.1648,0.6209
2026-01-31 00:00,2026-02-01 10:00,2026-02-01 15:00,24,0.0,0.2048,0.6018
2026-01-31 00:00,2026-02-01 11:00,2026-02-01 16:00,24,0.0,0.1625,0.564
2026-01-31 00:00,2026-02-01 12:00,2026-02-01 17:00,24,0.0,0.0837,0.5839
2026-01-31 00:00,2026-02-01 13:00,2026-02-01 18:00,24,0.0,0.0404,0.5741
2026-01-31 00:00,2026-02-01 14:00,2026-02-01 19:00,24,0.0069,0.097,0.6155
2026-01-31 00:00,2026-02-01 15:00,2026-02-01 20:00,24,0.0,0.0814,0.6052
2026-01-31 00:00,2026-02-01 16:00,2026-02-01 21:00,24,0.0663,0.0791,0.6561
2026-01-31 00:00,2026-02-01 17:00,2026-02-01 22:00,24,0.0937,0.1537,0.6389
2026-01-31 00:00,2026-02-01 18:00,2026-02-01 23:00,24,0.1612,0.1848,0.7265
2026-01-31 00:00,2026-02-01 19:00,2026-02-02 00:00,24,0.0989,0.1919,0.8432
2026-01-31 00:00,2026-02-01 20:00,2026-02-02 01:00,24,0.1422,0.2072,0.8698
2026-01-31 00:00,2026-02-01 21:00,2026-02-02 02:00,24,0.2982,0.2982,0.9523
2026-01-31 00:00,2026-02-01 22:00,2026-02-02 03:00,24,0.4656,0.4656,1.0
2026-01-31 00:00,2026-02-01 23:00,2026-02-02 04:00,24,0.6115,0.6115,0.9679
2026-02-01 00:00,2026-02-02 00:00,2026-02-02 05:00,24,0.6708,0.6708,1.0
2026-02-01 00:00,2026-02-02 01:00,2026-02-02 06:00,24,0.6977,0.6977,1.0
2026-02-01 00:00,2026-02-02 02:00,2026-02-02 07:00,24,0.7346,0.7346,1.0
2026-02-01 00:00,2026-02-02 03:00,2026-02-02 08:00,24,0.78,0.78,1.0
2026-02-01 00:00,2026-02-02 04:00,2026-02-02 09:00,24,0.8215,0.8215,1.0
2026-02-01 00:00,2026-02-02 05:00,2026-02-02 10:00,24,0.8801,0.8801,1.0
2026-02-01 00:00,2026-02-02 06:00,2026-02-02 11:00,24,0.8113,0.8543,1.0
2026-02-01 00:00,2026-02-02 07:00,2026-02-02 12:00,24,0.8239,0.8764,1.0
2026-02-01 00:00,2026-02-02 08:00,2026-02-02 13:00,24,0.8486,0.8807,1.0
2026-02-01 00:00,2026-02-02 09:00,2026-02-02 14:00,24,0.7724,0.8575,1.0
2026-02-01 00:00,2026-02-02 10:00,2026-02-02 15:00,24,0.6901,0.7842,1.0
2026-02-01 00:00,2026-02-02 11:00,2026-02-02 16:00,24,0.6818,0.6818,1.0
2026-02-01 00:00,2026-02-02 12:00,2026-02-02 17:00,24,0.2804,0.5538,0.9355
2026-02-01 00:00,2026-02-02 13:00,2026-02-02 18:00,24,0.1358,0.4169,0.8477
2026-02-01 00:00,2026-02-02 14:00,2026-02-02 19:00,24,0.0404,0.0404,0.5309
2026-02-01 00:00,2026-02-02 15:00,2026-02-02 20:00,24,0.0,0.0,0.4809
2026-02-01 00:00,2026-02-02 16:00,2026-02-02 21:00,24,0.0,0.0,0.4963
2026-02-01 00:00,2026-02-02 17:00,2026-02-02 22:00,24,0.0,0.0,0.5371
2026-02-01 00:00,2026-02-02 18:00,2026-02-02 23:00,24,0.0,0.0,0.5105
2026-02-01 00:00,2026-02-02 19:00,2026-02-03 00:00,24,0.0405,0.1011,0.6469
2026-02-01 00:00,2026-02-02 20:00,2026-02-03 01:00,24,0.1523,0.2435,0.854
2026-02-01 00:00,2026-02-02 21:00,2026-02-03 02:00,24,0.2718,0.4539,1.0
2026-02-01 00:00,2026-02-02 22:00,2026-02-03 03:00,24,0.3594,0.4794,0.9859
2026-02-01 00:00,2026-02-02 23:00,2026-02-03 04:00,24,0.6634,0.6634,0.9852
2026-02-02 00:00,2026-02-03 00:00,2026-02-03 05:00,24,0.1828,0.3219,0.9448
2026-02-02 00:00,2026-02-03 01:00,2026-02-03 06:00,24,0.068,0.3126,0.905
2026-02-02 00:00,2026-02-03 02:00,2026-02-03 07:00,24,0.0463,0.2137,0.7652
2026-02-02 00:00,2026-02-03 03:00,2026-02-03 08:00,24,0.0087,0.0087,0.6171
2026-02-02 00:00,2026-02-03 04:00,2026-02-03 09:00,24,0.0,0.0,0.4363
2026-02-02 00:00,2026-02-03 05:00,2026-02-03 10:00,24,0.0,0.0,0.4163
2026-02-02 00:00,2026-02-03 06:00,2026-02-03 11:00,24,0.0,0.0,0.2347
2026-02-02 00:00,2026-02-03 07:00,2026-02-03 12:00,24,0.0,0.0541,0.2003
2026-02-02 00:00,2026-02-03 08:00,2026-02-03 13:00,24,0.0,0.0696,0.2074
2026-02-02 00:00,2026-02-03 09:00,2026-02-03 14:00,24,0.0,0.0032,0.1448
2026-02-02 00:00,2026-02-03 10:00,2026-02-03 15:00,24,0.0,0.0079,0.1333
2026-02-02 00:00,2026-02-03 11:00,2026-02-03 16:00,24,0.0,0.0566,0.3806
2026-02-02 00:00,2026-02-03 12:00,2026-02-03 17:00,24,0.0037,0.1907,0.7233
2026-02-02 00:00,2026-02-03 13:00,2026-02-03 18:00,24,0.0197,0.3644,0.9065
2026-02-02 00:00,2026-02-03 14:00,2026-02-03 19:00,24,0.1446,0.5066,0.9403
2026-02-02 00:00,2026-02-03 15:00,2026-02-03 20:00,24,0.1306,0.6011,0.9524
2026-02-02 00:00,2026-02-03 16:00,2026-02-03 21:00,24,0.1793,0.6567,0.9594
2026-02-02 00:00,2026-02-03 17:00,2026-02-03 22:00,24,0.2053,0.6308,0.9581
2026-02-02 00:00,2026-02-03 18:00,2026-02-03 23:00,24,0.212,0.6787,0.9796
2026-02-02 00:00,2026-02-03 19:00,2026-02-04 00:00,24,0.2362,0.5501,0.9755
2026-02-02 00:00,2026-02-03 20:00,2026-02-04 01:00,24,0.1419,0.5217,0.9405
2026-02-02 00:00,2026-02-03 21:00,2026-02-04 02:00,24,0.1106,0.4947,0.944
2026-02-02 00:00,2026-02-03 22:00,2026-02-04 03:00,24,0.1371,0.4593,0.998
2026-02-02 00:00,2026-02-03 23:00,2026-02-04 04:00,24,0.08,0.5554,0.9808
2026-02-03 00:00,2026-02-04 00:00,2026-02-04 05:00,24,0.186,0.5856,1.0
2026-02-03 00:00,2026-02-04 01:00,2026-02-04 06:00,24,0.2395,0.5152,1.0
2026-02-03 00:00,2026-02-04 02:00,2026-02-04 07:00,24,0.2189,0.537,0.9783
2026-02-03 00:00,2026-02-04 03:00,2026-02-04 08:00,24,0.1153,0.5034,0.9165
2026-02-03 00:00,2026-02-04 04:00,2026-02-04 09:00,24,0.043,0.4526,0.8776
2026-02-03 00:00,2026-02-04 05:00,2026-02-04 10:00,24,0.0299,0.3251,0.8519
2026-02-03 00:00,2026-02-04 06:00,2026-02-04 11:00,24,0.0002,0.2455,0.796
2026-02-03 00:00,2026-02-04 07:00,2026-02-04 12:00,24,0.0,0.1411,0.8673
2026-02-03 00:00,2026-02-04 08:00,2026-02-04 13:00,24,0.0,0.1781,0.8311
2026-02-03 00:00,2026-02-04 09:00,2026-02-04 14:00,24,0.0,0.1997,0.7715
2026-02-03 00:00,2026-02-04 10:00,2026-02-04 15:00,24,0.0,0.179,0.773
2026-02-03 00:00,2026-02-04 11:00,2026-02-04 16:00,24,0.0,0.1054,0.6962
2026-02-03 00:00,2026-02-04 12:00,2026-02-04 17:00,24,0.0,0.0613,0.3832
2026-02-03 00:00,2026-02-04 13:00,2026-02-04 18:00,24,0.0,0.2141,0.5468
2026-02-03 00:00,2026-02-04 14:00,2026-02-04 19:00,24,0.0052,0.1133,0.7075
2026-02-03 00:00,2026-02-04 15:00,2026-02-04 20:00,24,0.0292,0.2898,0.8347
2026-02-03 00:00,2026-02-04 16:00,2026-02-04 21:00,24,0.2896,0.5806,0.9976
2026-02-03 00:00,2026-02-04 17:00,2026-02-04 22:00,24,0.7571,0.8144,1.0
2026-02-03 00:00,2026-02-04 18:00,2026-02-04 23:00,24,0.8215,0.8215,1.0
2026-02-03 00:00,2026-02-04 19:00,2026-02-05 00:00,24,0.8953,0.8953,1.0
2026-02-03 00:00,2026-02-04 20:00,2026-02-05 01:00,24,0.9007,0.9007,1.0
2026-02-03 00:00,2026-02-04 21:00,2026-02-05 02:00,24,0.9093,0.9093,1.0
2026-02-03 00:00,2026-02-04 22:00,2026-02-05 03:00,24,0.9641,0.9641,1.0
2026-02-03 00:00,2026-02-04 23:00,2026-02-05 04:00,24,0.9641,0.9641,1.0
2026-02-04 00:00,2026-02-05 00:00,2026-02-05 05:00,24,0.9117,0.9117,1.0
2026-02-04 00:00,2026-02-05 01:00,2026-02-05 06:00,24,0.9641,0.9641,1.0
2026-02-04 00:00,2026-02-05 02:00,2026-02-05 07:00,24,0.9641,0.9641,1.0
2026-02-04 00:00,2026-02-05 03:00,2026-02-05 08:00,24,0.9641,0.9641,1.0
2026-02-04 00:00,2026-02-05 04:00,2026-02-05 09:00,24,0.948,0.948,1.0
2026-02-04 00:00,2026-02-05 05:00,2026-02-05 10:00,24,0.9434,0.9434,1.0
2026-02-04 00:00,2026-02-05 06:00,2026-02-05 11:00,24,0.9571,0.9571,1.0
2026-02-04 00:00,2026-02-05 07:00,2026-02-05 12:00,24,0.9548,0.9548,1.0
2026-02-04 00:00,2026-02-05 08:00,2026-02-05 13:00,24,0.9553,0.9553,1.0
2026-02-04 00:00,2026-02-05 09:00,2026-02-05 14:00,24,0.9096,0.9183,1.0
2026-02-04 00:00,2026-02-05 10:00,2026-02-05 15:00,24,0.8898,0.8898,1.0
2026-02-04 00:00,2026-02-05 11:00,2026-02-05 16:00,24,0.8982,0.9089,1.0
2026-02-04 00:00,2026-02-05 12:00,2026-02-05 17:00,24,0.9418,0.9418,1.0
2026-02-04 00:00,2026-02-05 13:00,2026-02-05 18:00,24,0.8966,0.8966,1.0
2026-02-04 00:00,2026-02-05 14:00,2026-02-05 19:00,24,0.8627,0.8627,1.0
2026-02-04 00:00,2026-02-05 15:00,2026-02-05 20:00,24,0.8516,0.8516,1.0
2026-02-04 00:00,2026-02-05 16:00,2026-02-05 21:00,24,0.846,0.846,1.0
2026-02-04 00:00,2026-02-05 17:00,2026-02-05 22:00,24,0.825,0.825,1.0
2026-02-04 00:00,2026-02-05 18:00,2026-02-05 23:00,24,0.8357,0.8357,1.0
2026-02-04 00:00,2026-02-05 19:00,2026-02-06 00:00,24,0.8163,0.8163,1.0
2026-02-04 00:00,2026-02-05 20:00,2026-02-06 01:00,24,0.782,0.782,0.9999
2026-02-04 00:00,2026-02-05 21:00,2026-02-06 02:00,24,0.7326,0.7326,0.9802
2026-02-04 00:00,2026-02-05 22:00,2026-02-06 03:00,24,0.5878,0.5878,0.9176
2026-02-04 00:00,2026-02-05 23:00,2026-02-06 04:00,24,0.4028,0.46,0.7914
2026-02-05 00:00,2026-02-06 00:00,2026-02-06 05:00,24,0.0,0.0,0.2115
2026-02-05 00:00,2026-02-06 01:00,2026-02-06 06:00,24,0.0,0.032,0.2121
2026-02-05 00:00,2026-02-06 02:00,2026-02-06 07:00,24,0.0,0.0,0.1437
2026-02-05 00:00,2026-02-06 03:00,2026-02-06 08:00,24,0.0,0.0,0.2174
2026-02-05 00:00,2026-02-06 04:00,2026-02-06 09:00,24,0.0,0.0548,0.4283
2026-02-05 00:00,2026-02-06 05:00,2026-02-06 10:00,24,0.0,0.1663,0.6825
2026-02-05 00:00,2026-02-06 06:00,2026-02-06 11:00,24,0.0782,0.4118,0.8931
2026-02-05 00:00,2026-02-06 07:00,2026-02-06 12:00,24,0.3209,0.6254,1.0
2026-02-05 00:00,2026-02-06 08:00,2026-02-06 13:00,24,0.4645,0.7072,1.0
2026-02-05 00:00,2026-02-06 09:00,2026-02-06 14:00,24,0.8463,0.8514,1.0
2026-02-05 00:00,2026-02-06 10:00,2026-02-06 15:00,24,0.9071,0.9071,1.0
2026-02-05 00:00,2026-02-06 11:00,2026-02-06 16:00,24,0.9375,0.9375,1.0
2026-02-05 00:00,2026-02-06 12:00,2026-02-06 17:00,24,0.9299,0.9299,1.0
2026-02-05 00:00,2026-02-06 13:00,2026-02-06 18:00,24,0.9263,0.9263,1.0
2026-02-05 00:00,2026-02-06 14:00,2026-02-06 19:00,24,0.9641,0.9641,1.0
2026-02-05 00:00,2026-02-06 15:00,2026-02-06 20:00,24,0.9196,0.9196,1.0
2026-02-05 00:00,2026-02-06 16:00,2026-02-06 21:00,24,0.9286,0.9286,1.0
2026-02-05 00:00,2026-02-06 17:00,2026-02-06 22:00,24,0.9262,0.9262,1.0
2026-02-05 00:00,2026-02-06 18:00,2026-02-06 23:00,24,0.8994,0.8994,1.0
2026-02-05 00:00,2026-02-06 19:00,2026-02-07 00:00,24,0.8269,0.9142,1.0
2026-02-05 00:00,2026-02-06 20:00,2026-02-07 01:00,24,0.5517,0.8366,1.0
2026-02-05 00:00,2026-02-06 21:00,2026-02-07 02:00,24,0.4177,0.7117,0.9853
2026-02-05 00:00,2026-02-06 22:00,2026-02-07 03:00,24,0.2636,0.6416,0.9458
2026-02-05 00:00,2026-02-06 23:00,2026-02-07 04:00,24,0.1938,0.4979,0.9249
2026-02-06 00:00,2026-02-07 00:00,2026-02-07 05:00,24,0.0139,0.1515,0.6626
2026-02-06 00:00,2026-02-07 01:00,2026-02-07 06:00,24,0.0,0.0661,0.5289
2026-02-06 00:00,2026-02-07 02:00,2026-02-07 07:00,24,0.0,0.0,0.2258
2026-02-06 00:00,2026-02-07 03:00,2026-02-07 08:00,24,0.0,0.0,0.1339
2026-02-06 00:00,2026-02-07 04:00,2026-02-07 09:00,24,0.0,0.0,0.2673
2026-02-06 00:00,2026-02-07 05:00,2026-02-07 10:00,24,0.0,0.0268,0.5074
2026-02-06 00:00,2026-02-07 06:00,2026-02-07 11:00,24,0.0,0.135,0.727
2026-02-06 00:00,2026-02-07 07:00,2026-02-07 12:00,24,0.0136,0.214,0.7809
2026-02-06 00:00,2026-02-07 08:00,2026-02-07 13:00,24,0.0087,0.2404,0.7307
2026-02-06 00:00,2026-02-07 09:00,2026-02-07 14:00,24,0.0003,0.1237,0.5805
2026-02-06 00:00,2026-02-07 10:00,2026-02-07 15:00,24,0.0,0.1184,0.5723
2026-02-06 00:00,2026-02-07 11:00,2026-02-07 16:00,24,0.0,0.2156,0.5836
2026-02-06 00:00,2026-02-07 12:00,2026-02-07 17:00,24,0.0,0.1249,0.4744
2026-02-06 00:00,2026-02-07 13:00,2026-02-07 18:00,24,0.0,0.1508,0.7782
2026-02-06 00:00,2026-02-07 14:00,2026-02-07 19:00,24,0.0,0.2337,0.8416
2026-02-06 00:00,2026-02-07 15:00,2026-02-07 20:00,24,0.126,0.4597,0.9484
2026-02-06 00:00,2026-02-07 16:00,2026-02-07 21:00,24,0.346,0.5938,0.9933
2026-02-06 00:00,2026-02-07 17:00,2026-02-07 22:00,24,0.4157,0.7364,0.9922
2026-02-06 00:00,2026-02-07 18:00,2026-02-07 23:00,24,0.4906,0.7879,0.9958
2026-02-06 00:00,2026-02-07 19:00,2026-02-08 00:00,24,0.6053,0.8094,0.9987
2026-02-06 00:00,2026-02-07 20:00,2026-02-08 01:00,24,0.7371,0.7773,0.9999
2026-02-06 00:00,2026-02-07 21:00,2026-02-08 02:00,24,0.6504,0.7759,1.0
2026-02-06 00:00,2026-02-07 22:00,2026-02-08 03:00,24,0.7697,0.8043,1.0
2026-02-06 00:00,2026-02-07 23:00,2026-02-08 04:00,24,0.8076,0.8089,1.0
2026-02-07 00:00,2026-02-08 00:00,2026-02-08 05:00,24,0.2024,0.722,1.0
2026-02-07 00:00,2026-02-08 01:00,2026-02-08 06:00,24,0.0315,0.6443,0.9576
2026-02-07 00:00,2026-02-08 02:00,2026-02-08 07:00,24,0.0177,0.3595,0.7985
2026-02-07 00:00,2026-02-08 03:00,2026-02-08 08:00,24,0.0,0.175,0.7901
2026-02-07 00:00,2026-02-08 04:00,2026-02-08 09:00,24,0.0,0.0399,0.5221
2026-02-07 00:00,2026-02-08 05:00,2026-02-08 10:00,24,0.0,0.0,0.2073
2026-02-07 00:00,2026-02-08 06:00,2026-02-08 11:00,24,0.0,0.0,0.0505
2026-02-07 00:00,2026-02-08 07:00,2026-02-08 12:00,24,0.0,0.0,0.0552
2026-02-07 00:00,2026-02-08 08:00,2026-02-08 13:00,24,0.0,0.0,0.2118
2026-02-07 00:00,2026-02-08 09:00,2026-02-08 14:00,24,0.0036,0.0912,0.556
2026-02-07 00:00,2026-02-08 10:00,2026-02-08 15:00,24,0.076,0.4929,0.9195
2026-02-07 00:00,2026-02-08 11:00,2026-02-08 16:00,24,0.842,0.8759,1.0
2026-02-07 00:00,2026-02-08 12:00,2026-02-08 17:00,24,0.8723,0.9046,1.0
2026-02-07 00:00,2026-02-08 13:00,2026-02-08 18:00,24,0.9641,0.9641,1.0
2026-02-07 00:00,2026-02-08 14:00,2026-02-08 19:00,24,0.9641,0.9641,1.0
2026-02-07 00:00,2026-02-08 15:00,2026-02-08 20:00,24,0.9641,0.9641,1.0
2026-02-07 00:00,2026-02-08 16:00,2026-02-08 21:00,24,0.9641,0.9641,1.0
2026-02-07 00:00,2026-02-08 17:00,2026-02-08 22:00,24,0.9641,0.9641,1.0
2026-02-07 00:00,2026-02-08 18:00,2026-02-08 23:00,24,0.9641,0.9641,1.0
2026-02-07 00:00,2026-02-08 19:00,2026-02-09 00:00,24,0.9641,0.9641,1.0
2026-02-07 00:00,2026-02-08 20:00,2026-02-09 01:00,24,0.9641,0.9641,1.0
2026-02-07 00:00,2026-02-08 21:00,2026-02-09 02:00,24,0.9363,0.9363,1.0
2026-02-07 00:00,2026-02-08 22:00,2026-02-09 03:00,24,0.9238,0.9238,1.0
2026-02-07 00:00,2026-02-08 23:00,2026-02-09 04:00,24,0.909,0.909,1.0
2026-02-08 00:00,2026-02-09 00:00,2026-02-09 05:00,24,0.9034,0.9034,1.0
2026-02-08 00:00,2026-02-09 01:00,2026-02-09 06:00,24,0.9089,0.9089,1.0
2026-02-08 00:00,2026-02-09 02:00,2026-02-09 07:00,24,0.8565,0.8565,1.0
2026-02-08 00:00,2026-02-09 03:00,2026-02-09 08:00,24,0.9055,0.9055,1.0
2026-02-08 00:00,2026-02-09 04:00,2026-02-09 09:00,24,0.9558,0.9558,1.0
2026-02-08 00:00,2026-02-09 05:00,2026-02-09 10:00,24,0.9442,0.9442,1.0
2026-02-08 00:00,2026-02-09 06:00,2026-02-09 11:00,24,0.769,0.7839,1.0
2026-02-08 00:00,2026-02-09 07:00,2026-02-09 12:00,24,0.8341,0.8341,1.0
2026-02-08 00:00,2026-02-09 08:00,2026-02-09 13:00,24,0.9292,0.9292,1.0
2026-02-08 00:00,2026-02-09 09:00,2026-02-09 14:00,24,0.8766,0.8982,1.0
2026-02-08 00:00,2026-02-09 10:00,2026-02-09 15:00,24,0.8146,0.8675,1.0
2026-02-08 00:00,2026-02-09 11:00,2026-02-09 16:00,24,0.8098,0.8718,1.0
2026-02-08 00:00,2026-02-09 12:00,2026-02-09 17:00,24,0.8155,0.8155,1.0
2026-02-08 00:00,2026-02-09 13:00,2026-02-09 18:00,24,0.8655,0.8655,1.0
2026-02-08 00:00,2026-02-09 14:00,2026-02-09 19:00,24,0.5247,0.5987,0.8146
2026-02-08 00:00,2026-02-09 15:00,2026-02-09 20:00,24,0.1441,0.4766,0.8004
2026-02-08 00:00,2026-02-09 16:00,2026-02-09 21:00,24,0.041,0.2366,0.6352
2026-02-08 00:00,2026-02-09 17:00,2026-02-09 22:00,24,0.0,0.0415,0.5347
2026-02-08 00:00,2026-02-09 18:00,2026-02-09 23:00,24,0.0,0.0,0.4831
2026-02-08 00:00,2026-02-09 19:00,2026-02-10 00:00,24,0.0,0.0,0.4462
2026-02-08 00:00,2026-02-09 20:00,2026-02-10 01:00,24,0.0,0.0,0.4846
2026-02-08 00:00,2026-02-09 21:00,2026-02-10 02:00,24,0.0,0.003,0.4724
2026-02-08 00:00,2026-02-09 22:00,2026-02-10 03:00,24,0.0245,0.1641,0.8455
2026-02-08 00:00,2026-02-09 23:00,2026-02-10 04:00,24,0.0,0.0127,0.5909
2026-02-09 00:00,2026-02-10 00:00,2026-02-10 05:00,24,0.01,0.4091,0.7584
2026-02-09 00:00,2026-02-10 01:00,2026-02-10 06:00,24,0.0,0.1747,0.6828
2026-02-09 00:00,2026-02-10 02:00,2026-02-10 07:00,24,0.1872,0.2606,1.0
2026-02-09 00:00,2026-02-10 03:00,2026-02-10 08:00,24,0.148,0.3675,0.9668
2026-02-09 00:00,2026-02-10 04:00,2026-02-10 09:00,24,0.1951,0.4063,0.9899
2026-02-09 00:00,2026-02-10 05:00,2026-02-10 10:00,24,0.2072,0.4698,0.9825
2026-02-09 00:00,2026-02-10 06:00,2026-02-10 11:00,24,0.068,0.4126,0.8355
2026-02-09 00:00,2026-02-10 07:00,2026-02-10 12:00,24,0.0,0.317,0.9046
2026-02-09 00:00,2026-02-10 08:00,2026-02-10 13:00,24,0.0136,0.2126,0.9167
2026-02-09 00:00,2026-02-10 09:00,2026-02-10 14:00,24,0.0,0.0973,0.7892
2026-02-09 00:00,2026-02-10 10:00,2026-02-10 15:00,24,0.0,0.1307,0.6039
2026-02-09 00:00,2026-02-10 11:00,2026-02-10 16:00,24,0.0,0.0818,0.538
2026-02-09 00:00,2026-02-10 12:00,2026-02-10 17:00,24,0.0,0.1731,0.6049
2026-02-09 00:00,2026-02-10 13:00,2026-02-10 18:00,24,0.0,0.1559,0.3976
2026-02-09 00:00,2026-02-10 14:00,2026-02-10 19:00,24,0.0,0.2207,0.5951
2026-02-09 00:00,2026-02-10 15:00,2026-02-10 20:00,24,0.0,0.1962,0.7625
2026-02-09 00:00,2026-02-10 16:00,2026-02-10 21:00,24,0.6469,0.7897,1.0
2026-02-09 00:00,2026-02-10 17:00,2026-02-10 22:00,24,0.9101,0.9101,1.0
2026-02-09 00:00,2026-02-10 18:00,2026-02-10 23:00,24,0.9641,0.9641,1.0
2026-02-09 00:00,2026-02-10 19:00,2026-02-11 00:00,24,0.9641,0.9641,1.0
2026-02-09 00:00,2026-02-10 20:00,2026-02-11 01:00,24,0.8734,0.8734,1.0
2026-02-09 00:00,2026-02-10 21:00,2026-02-11 02:00,24,0.9295,0.9295,1.0
2026-02-09 00:00,2026-02-10 22:00,2026-02-11 03:00,24,0.8882,0.8882,1.0
2026-02-09 00:00,2026-02-10 23:00,2026-02-11 04:00,24,0.7646,0.7758,1.0
2026-02-10 00:00,2026-02-11 00:00,2026-02-11 05:00,24,0.1177,0.4797,0.9198
2026-02-10 00:00,2026-02-11 01:00,2026-02-11 06:00,24,0.0,0.0254,0.5213
2026-02-10 00:00,2026-02-11 02:00,2026-02-11 07:00,24,0.0,0.0,0.4386
2026-02-10 00:00,2026-02-11 03:00,2026-02-11 08:00,24,0.0,0.0,0.4341
2026-02-10 00:00,2026-02-11 04:00,2026-02-11 09:00,24,0.0,0.0054,0.4606
2026-02-10 00:00,2026-02-11 05:00,2026-02-11 10:00,24,0.0,0.2196,0.6127
2026-02-10 00:00,2026-02-11 06:00,2026-02-11 11:00,24,0.0836,0.3659,0.8834
2026-02-10 00:00,2026-02-11 07:00,2026-02-11 12:00,24,0.085,0.2157,1.0
2026-02-10 00:00,2026-02-11 08:00,2026-02-11 13:00,24,0.0882,0.4451,0.9334
2026-02-10 00:00,2026-02-11 09:00,2026-02-11 14:00,24,0.0354,0.3325,0.8405
2026-02-10 00:00,2026-02-11 10:00,2026-02-11 15:00,24,0.1225,0.3832,0.9629
2026-02-10 00:00,2026-02-11 11:00,2026-02-11 16:00,24,0.2191,0.5558,0.9905
2026-02-10 00:00,2026-02-11 12:00,2026-02-11 17:00,24,0.3633,0.7109,1.0
2026-02-10 00:00,2026-02-11 13:00,2026-02-11 18:00,24,0.4045,0.7085,1.0
2026-02-10 00:00,2026-02-11 14:00,2026-02-11 19:00,24,0.6198,0.8094,1.0
2026-02-10 00:00,2026-02-11 15:00,2026-02-11 20:00,24,0.8682,0.8682,1.0
2026-02-10 00:00,2026-02-11 16:00,2026-02-11 21:00,24,0.863,0.863,1.0
2026-02-10 00:00,2026-02-11 17:00,2026-02-11 22:00,24,0.5909,0.8166,0.9956
2026-02-10 00:00,2026-02-11 18:00,2026-02-11 23:00,24,0.485,0.485,0.9537
2026-02-10 00:00,2026-02-11 19:00,2026-02-12 00:00,24,0.4148,0.5833,0.9594
2026-02-10 00:00,2026-02-11 20:00,2026-02-12 01:00,24,0.413,0.624,0.9902
2026-02-10 00:00,2026-02-11 21:00,2026-02-12 02:00,24,0.2452,0.5652,1.0
2026-02-10 00:00,2026-02-11 22:00,2026-02-12 03:00,24,0.153,0.513,0.9653
2026-02-10 00:00,2026-02-11 23:00,2026-02-12 04:00,24,0.1818,0.5462,0.958
2026-02-11 00:00,2026-02-12 00:00,2026-02-12 05:00,24,0.0,0.0402,0.3442
2026-02-11 00:00,2026-02-12 01:00,2026-02-12 06:00,24,0.0,0.0161,0.2087
2026-02-11 00:00,2026-02-12 02:00,2026-02-12 07:00,24,0.0,0.0,0.117
2026-02-11 00:00,2026-02-12 03:00,2026-02-12 08:00,24,0.0,0.0,0.0518
2026-02-11 00:00,2026-02-12 04:00,2026-02-12 09:00,24,0.0,0.0,0.0359
2026-02-11 00:00,2026-02-12 05:00,2026-02-12 10:00,24,0.0,0.0044,0.2901
2026-02-11 00:00,2026-02-12 06:00,2026-02-12 11:00,24,0.0061,0.1112,0.6708
2026-02-11 00:00,2026-02-12 07:00,2026-02-12 12:00,24,0.0,0.2076,0.835
2026-02-11 00:00,2026-02-12 08:00,2026-02-12 13:00,24,0.0,0.2633,0.8609
2026-02-11 00:00,2026-02-12 09:00,2026-02-12 14:00,24,0.0,0.2437,0.9114
2026-02-11 00:00,2026-02-12 10:00,2026-02-12 15:00,24,0.0154,0.2686,0.8482
2026-02-11 00:00,2026-02-12 11:00,2026-02-12 16:00,24,0.0,0.2441,0.7519
2026-02-11 00:00,2026-02-12 12:00,2026-02-12 17:00,24,0.0,0.2228,0.6647
2026-02-11 00:00,2026-02-12 13:00,2026-02-12 18:00,24,0.0017,0.1302,0.6107
2026-02-11 00:00,2026-02-12 14:00,2026-02-12 19:00,24,0.0705,0.3745,0.9026
2026-02-11 00:00,2026-02-12 15:00,2026-02-12 20:00,24,0.0,0.2922,0.7532
2026-02-11 00:00,2026-02-12 16:00,2026-02-12 21:00,24,0.0079,0.1865,0.6757
2026-02-11 00:00,2026-02-12 17:00,2026-02-12 22:00,24,0.0,0.045,0.5544
2026-02-11 00:00,2026-02-12 18:00,2026-02-12 23:00,24,0.0,0.0,0.2036
2026-02-11 00:00,2026-02-12 19:00,2026-02-13 00:00,24,0.0,0.0,0.1267
2026-02-11 00:00,2026-02-12 20:00,2026-02-13 01:00,24,0.0,0.0,0.2113
2026-02-11 00:00,2026-02-12 21:00,2026-02-13 02:00,24,0.0,0.0,0.2903
2026-02-11 00:00,2026-02-12 22:00,2026-02-13 03:00,24,0.0,0.0,0.0919
2026-02-11 00:00,2026-02-12 23:00,2026-02-13 04:00,24,0.0,0.0,0.0359
2026-02-12 00:00,2026-02-13 00:00,2026-02-13 05:00,24,0.0,0.0,0.1252
2026-02-12 00:00,2026-02-13 01:00,2026-02-13 06:00,24,0.0,0.0,0.1353
2026-02-12 00:00,2026-02-13 02:00,2026-02-13 07:00,24,0.0,0.0,0.195
2026-02-12 00:00,2026-02-13 03:00,2026-02-13 08:00,24,0.0,0.0,0.0652
2026-02-12 00:00,2026-02-13 04:00,2026-02-13 09:00,24,0.0,0.0,0.0785
2026-02-12 00:00,2026-02-13 05:00,2026-02-13 10:00,24,0.0,0.0,0.2833
2026-02-12 00:00,2026-02-13 06:00,2026-02-13 11:00,24,0.0,0.0,0.163
2026-02-12 00:00,2026-02-13 07:00,2026-02-13 12:00,24,0.0,0.0,0.1266
2026-02-12 00:00,2026-02-13 08:00,2026-02-13 13:00,24,0.0,0.0,0.0842
2026-02-12 00:00,2026-02-13 09:00,2026-02-13 14:00,24,0.0,0.0,0.0505
2026-02-12 00:00,2026-02-13 10:00,2026-02-13 15:00,24,0.0,0.0,0.0359
2026-02-12 00:00,2026-02-13 11:00,2026-02-13 16:00,24,0.0,0.0,0.2163
2026-02-12 00:00,2026-02-13 12:00,2026-02-13 17:00,24,0.0,0.0,0.2194
2026-02-12 00:00,2026-02-13 13:00,2026-02-13 18:00,24,0.0,0.0,0.2494
2026-02-12 00:00,2026-02-13 14:00,2026-02-13 19:00,24,0.0,0.0,0.3884
2026-02-12 00:00,2026-02-13 15:00,2026-02-13 20:00,24,0.0084,0.0168,0.5829
2026-02-12 00:00,2026-02-13 16:00,2026-02-13 21:00,24,0.023,0.304,0.8555
2026-02-12 00:00,2026-02-13 17:00,2026-02-13 22:00,24,0.2027,0.5677,0.9824
2026-02-12 00:00,2026-02-13 18:00,2026-02-13 23:00,24,0.5444,0.5706,1.0
2026-02-12 00:00,2026-02-13 19:00,2026-02-14 00:00,24,0.4568,0.6071,1.0
2026-02-12 00:00,2026-02-13 20:00,2026-02-14 01:00,24,0.6977,0.7557,1.0
2026-02-12 00:00,2026-02-13 21:00,2026-02-14 02:00,24,0.6585,0.8014,1.0
2026-02-12 00:00,2026-02-13 22:00,2026-02-14 03:00,24,0.7667,0.7667,0.9882
2026-02-12 00:00,2026-02-13 23:00,2026-02-14 04:00,24,0.8118,0.8118,1.0
2026-02-13 00:00,2026-02-14 00:00,2026-02-14 05:00,24,0.0381,0.0789,0.8687
2026-02-13 00:00,2026-02-14 01:00,2026-02-14 06:00,24,0.0709,0.0803,0.7434
2026-02-13 00:00,2026-02-14 02:00,2026-02-14 07:00,24,0.0433,0.0433,0.5721
2026-02-13 00:00,2026-02-14 03:00,2026-02-14 08:00,24,0.0,0.0311,0.5221
2026-02-13 00:00,2026-02-14 04:00,2026-02-14 09:00,24,0.0,0.1173,0.3212
2026-02-13 00:00,2026-02-14 05:00,2026-02-14 10:00,24,0.0,0.1664,0.5274
2026-02-13 00:00,2026-02-14 06:00,2026-02-14 11:00,24,0.0,0.0349,0.634
2026-02-13 00:00,2026-02-14 07:00,2026-02-14 12:00,24,0.0,0.0227,0.5024
2026-02-13 00:00,2026-02-14 08:00,2026-02-14 13:00,24,0.0,0.0,0.2782
2026-02-13 00:00,2026-02-14 09:00,2026-02-14 14:00,24,0.0,0.0,0.2068
2026-02-13 00:00,2026-02-14 10:00,2026-02-14 15:00,24,0.0,0.0,0.139
2026-02-13 00:00,2026-02-14 11:00,2026-02-14 16:00,24,0.0,0.0,0.1835
2026-02-13 00:00,2026-02-14 12:00,2026-02-14 17:00,24,0.0,0.0136,0.2381
2026-02-13 00:00,2026-02-14 13:00,2026-02-14 18:00,24,0.0,0.0139,0.2195
2026-02-13 00:00,2026-02-14 14:00,2026-02-14 19:00,24,0.0,0.0191,0.2887
2026-02-13 00:00,2026-02-14 15:00,2026-02-14 20:00,24,0.0,0.0723,0.2386
2026-02-13 00:00,2026-02-14 16:00,2026-02-14 21:00,24,0.0,0.0708,0.2896
2026-02-13 00:00,2026-02-14 17:00,2026-02-14 22:00,24,0.0,0.1197,0.3456
2026-02-13 00:00,2026-02-14 18:00,2026-02-14 23:00,24,0.0,0.0869,0.4922
2026-02-13 00:00,2026-02-14 19:00,2026-02-15 00:00,24,0.0,0.0384,0.2789
2026-02-13 00:00,2026-02-14 20:00,2026-02-15 01:00,24,0.0,0.0,0.2853
2026-02-13 00:00,2026-02-14 21:00,2026-02-15 02:00,24,0.0,0.0,0.1498
2026-02-13 00:00,2026-02-14 22:00,2026-02-15 03:00,24,0.0,0.0,0.2502
2026-02-13 00:00,2026-02-14 23:00,2026-02-15 04:00,24,0.0,0.0,0.2787
2026-02-14 00:00,2026-02-15 00:00,2026-02-15 05:00,24,0.0,0.0,0.465
2026-02-14 00:00,2026-02-15 01:00,2026-02-15 06:00,24,0.0,0.0279,0.5355
2026-02-14 00:00,2026-02-15 02:00,2026-02-15 07:00,24,0.0095,0.0579,0.6899
2026-02-14 00:00,2026-02-15 03:00,2026-02-15 08:00,24,0.1246,0.3838,0.9814
2026-02-14 00:00,2026-02-15 04:00,2026-02-15 09:00,24,0.6453,0.6453,0.9997
2026-02-14 00:00,2026-02-15 05:00,2026-02-15 10:00,24,0.8386,0.8386,1.0
2026-02-14 00:00,2026-02-15 06:00,2026-02-15 11:00,24,0.8433,0.8433,1.0
2026-02-14 00:00,2026-02-15 07:00,2026-02-15 12:00,24,0.8247,0.8247,1.0
2026-02-14 00:00,2026-02-15 08:00,2026-02-15 13:00,24,0.734,0.8025,1.0
2026-02-14 00:00,2026-02-15 09:00,2026-02-15 14:00,24,0.8501,0.8501,1.0
2026-02-14 00:00,2026-02-15 10:00,2026-02-15 15:00,24,0.7922,0.7922,1.0
2026-02-14 00:00,2026-02-15 11:00,2026-02-15 16:00,24,0.772,0.772,1.0
2026-02-14 00:00,2026-02-15 12:00,2026-02-15 17:00,24,0.9049,0.9114,1.0
2026-02-14 00:00,2026-02-15 13:00,2026-02-15 18:00,24,0.8905,0.9183,1.0
2026-02-14 00:00,2026-02-15 14:00,2026-02-15 19:00,24,0.895,0.9183,1.0
2026-02-14 00:00,2026-02-15 15:00,2026-02-15 20:00,24,0.928,0.928,1.0
2026-02-14 00:00,2026-02-15 16:00,2026-02-15 21:00,24,0.9056,0.9056,1.0
2026-02-14 00:00,2026-02-15 17:00,2026-02-15 22:00,24,0.8426,0.8565,1.0
2026-02-14 00:00,2026-02-15 18:00,2026-02-15 23:00,24,0.7321,0.7321,1.0
2026-02-14 00:00,2026-02-15 19:00,2026-02-16 00:00,24,0.591,0.591,0.9791
2026-02-14 00:00,2026-02-15 20:00,2026-02-16 01:00,24,0.6031,0.6031,1.0
2026-02-14 00:00,2026-02-15 21:00,2026-02-16 02:00,24,0.6327,0.6984,1.0
2026-02-14 00:00,2026-02-15 22:00,2026-02-16 03:00,24,0.6388,0.7473,1.0
2026-02-14 00:00,2026-02-15 23:00,2026-02-16 04:00,24,0.6902,0.7715,1.0
2026-02-15 00:00,2026-02-16 00:00,2026-02-16 05:00,24,0.8709,0.8709,1.0
2026-02-15 00:00,2026-02-16 01:00,2026-02-16 06:00,24,0.7518,0.8244,1.0
2026-02-15 00:00,2026-02-16 02:00,2026-02-16 07:00,24,0.7486,0.7486,1.0
2026-02-15 00:00,2026-02-16 03:00,2026-02-16 08:00,24,0.5236,0.6213,0.9837
2026-02-15 00:00,2026-02-16 04:00,2026-02-16 09:00,24,0.535,0.6151,0.9771
2026-02-15 00:00,2026-02-16 05:00,2026-02-16 10:00,24,0.6452,0.7258,1.0
2026-02-15 00:00,2026-02-16 06:00,2026-02-16 11:00,24,0.6544,0.6544,0.9953
2026-02-15 00:00,2026-02-16 07:00,2026-02-16 12:00,24,0.5397,0.6368,1.0
2026-02-15 00:00,2026-02-16 08:00,2026-02-16 13:00,24,0.5003,0.6674,1.0
2026-02-15 00:00,2026-02-16 09:00,2026-02-16 14:00,24,0.4469,0.7479,1.0
2026-02-15 00:00,2026-02-16 10:00,2026-02-16 15:00,24,0.4964,0.7793,1.0
2026-02-15 00:00,2026-02-16 11:00,2026-02-16 16:00,24,0.4439,0.6106,1.0
2026-02-15 00:00,2026-02-16 12:00,2026-02-16 17:00,24,0.4785,0.666,0.9968
2026-02-15 00:00,2026-02-16 13:00,2026-02-16 18:00,24,0.5565,0.6694,1.0
2026-02-15 00:00,2026-02-16 14:00,2026-02-16 19:00,24,0.6302,0.7043,1.0
2026-02-15 00:00,2026-02-16 15:00,2026-02-16 20:00,24,0.6791,0.7078,0.9959
2026-02-15 00:00,2026-02-16 16:00,2026-02-16 21:00,24,0.7507,0.7507,0.9944
2026-02-15 00:00,2026-02-16 17:00,2026-02-16 22:00,24,0.7033,0.7309,1.0
2026-02-15 00:00,2026-02-16 18:00,2026-02-16 23:00,24,0.7495,0.7495,0.9939
2026-02-15 00:00,2026-02-16 19:00,2026-02-17 00:00,24,0.7343,0.7343,0.9953
2026-02-15 00:00,2026-02-16 20:00,2026-02-17 01:00,24,0.7178,0.7178,0.985
2026-02-15 00:00,2026-02-16 21:00,2026-02-17 02:00,24,0.7156,0.7156,0.9573
2026-02-15 00:00,2026-02-16 22:00,2026-02-17 03:00,24,0.5778,0.5778,0.9569
2026-02-15 00:00,2026-02-16 23:00,2026-02-17 04:00,24,0.4765,0.4765,0.8765
2026-02-16 00:00,2026-02-17 00:00,2026-02-17 05:00,24,0.0,0.2762,0.6978
2026-02-16 00:00,2026-02-17 01:00,2026-02-17 06:00,24,0.0,0.2806,0.7036
2026-02-16 00:00,2026-02-17 02:00,2026-02-17 07:00,24,0.0028,0.2307,0.5897
2026-02-16 00:00,2026-02-17 03:00,2026-02-17 08:00,24,0.0,0.2618,0.4979
2026-02-16 00:00,2026-02-17 04:00,2026-02-17 09:00,24,0.0,0.1698,0.3919
2026-02-16 00:00,2026-02-17 05:00,2026-02-17 10:00,24,0.0,0.1531,0.5103
2026-02-16 00:00,2026-02-17 06:00,2026-02-17 11:00,24,0.0,0.1166,0.5098
2026-02-16 00:00,2026-02-17 07:00,2026-02-17 12:00,24,0.0,0.1196,0.4711
2026-02-16 00:00,2026-02-17 08:00,2026-02-17 13:00,24,0.0,0.1386,0.5404
2026-02-16 00:00,2026-02-17 09:00,2026-02-17 14:00,24,0.0,0.1643,0.5684
2026-02-16 00:00,2026-02-17 10:00,2026-02-17 15:00,24,0.0,0.1855,0.5905
2026-02-16 00:00,2026-02-17 11:00,2026-02-17 16:00,24,0.0,0.1799,0.6811
2026-02-16 00:00,2026-02-17 12:00,2026-02-17 17:00,24,0.1274,0.61,0.9785
2026-02-16 00:00,2026-02-17 13:00,2026-02-17 18:00,24,0.2321,0.5498,1.0
2026-02-16 00:00,2026-02-17 14:00,2026-02-17 19:00,24,0.4488,0.5161,0.981
2026-02-16 00:00,2026-02-17 15:00,2026-02-17 20:00,24,0.4499,0.7099,1.0
2026-02-16 00:00,2026-02-17 16:00,2026-02-17 21:00,24,0.5882,0.7354,1.0
2026-02-16 00:00,2026-02-17 17:00,2026-02-17 22:00,24,0.5599,0.6241,0.9985
2026-02-16 00:00,2026-02-17 18:00,2026-02-17 23:00,24,0.6201,0.6531,0.9703
2026-02-16 00:00,2026-02-17 19:00,2026-02-18 00:00,24,0.7158,0.7158,0.9798
2026-02-16 00:00,2026-02-17 20:00,2026-02-18 01:00,24,0.7725,0.7766,1.0
2026-02-16 00:00,2026-02-17 21:00,2026-02-18 02:00,24,0.7059,0.7059,0.9967
2026-02-16 00:00,2026-02-17 22:00,2026-02-18 03:00,24,0.8732,0.8732,1.0
2026-02-16 00:00,2026-02-17 23:00,2026-02-18 04:00,24,0.8479,0.8479,1.0
2026-02-17 00:00,2026-02-18 00:00,2026-02-18 05:00,24,0.8257,0.8257,1.0
2026-02-17 00:00,2026-02-18 01:00,2026-02-18 06:00,24,0.8,0.8,1.0
2026-02-17 00:00,2026-02-18 02:00,2026-02-18 07:00,24,0.8529,0.8529,1.0
2026-02-17 00:00,2026-02-18 03:00,2026-02-18 08:00,24,0.9301,0.9301,1.0
2026-02-17 00:00,2026-02-18 04:00,2026-02-18 09:00,24,0.9265,0.9265,1.0
2026-02-17 00:00,2026-02-18 05:00,2026-02-18 10:00,24,0.6918,0.7562,1.0
2026-02-17 00:00,2026-02-18 06:00,2026-02-18 11:00,24,0.8295,0.8295,1.0
2026-02-17 00:00,2026-02-18 07:00,2026-02-18 12:00,24,0.806,0.8518,1.0
2026-02-17 00:00,2026-02-18 08:00,2026-02-18 13:00,24,0.9106,0.9183,1.0
2026-02-17 00:00,2026-02-18 09:00,2026-02-18 14:00,24,0.8611,0.8611,1.0
2026-02-17 00:00,2026-02-18 10:00,2026-02-18 15:00,24,0.7797,0.8137,1.0
2026-02-17 00:00,2026-02-18 11:00,2026-02-18 16:00,24,0.6407,0.7918,1.0
2026-02-17 00:00,2026-02-18 12:00,2026-02-18 17:00,24,0.6862,0.7986,1.0
2026-02-17 00:00,2026-02-18 13:00,2026-02-18 18:00,24,0.7119,0.7498,1.0
2026-02-17 00:00,2026-02-18 14:00,2026-02-18 19:00,24,0.5942,0.5942,0.9776
2026-02-17 00:00,2026-02-18 15:00,2026-02-18 20:00,24,0.6815,0.6909,0.964
2026-02-17 00:00,2026-02-18 16:00,2026-02-18 21:00,24,0.6814,0.6892,0.9665
2026-02-17 00:00,2026-02-18 17:00,2026-02-18 22:00,24,0.8038,0.8038,1.0
2026-02-17 00:00,2026-02-18 18:00,2026-02-18 23:00,24,0.7024,0.7024,0.9622
2026-02-17 00:00,2026-02-18 19:00,2026-02-19 00:00,24,0.774,0.774,0.9848
2026-02-17 00:00,2026-02-18 20:00,2026-02-19 01:00,24,0.7913,0.7913,1.0
2026-02-17 00:00,2026-02-18 21:00,2026-02-19 02:00,24,0.783,0.783,1.0
2026-02-17 00:00,2026-02-18 22:00,2026-02-19 03:00,24,0.8264,0.8264,1.0
2026-02-17 00:00,2026-02-18 23:00,2026-02-19 04:00,24,0.8697,0.8697,1.0
2026-02-18 00:00,2026-02-19 00:00,2026-02-19 05:00,24,0.5483,0.5483,0.9673
2026-02-18 00:00,2026-02-19 01:00,2026-02-19 06:00,24,0.4319,0.5414,0.9152
2026-02-18 00:00,2026-02-19 02:00,2026-02-19 07:00,24,0.182,0.3764,0.8445
2026-02-18 00:00,2026-02-19 03:00,2026-02-19 08:00,24,0.0832,0.3824,0.7919
2026-02-18 00:00,2026-02-19 04:00,2026-02-19 09:00,24,0.1582,0.3219,0.8375
2026-02-18 00:00,2026-02-19 05:00,2026-02-19 10:00,24,0.2232,0.4443,0.9272
2026-02-18 00:00,2026-02-19 06:00,2026-02-19 11:00,24,0.0645,0.3582,0.7872
2026-02-18 00:00,2026-02-19 07:00,2026-02-19 12:00,24,0.0487,0.2826,0.8477
2026-02-18 00:00,2026-02-19 08:00,2026-02-19 13:00,24,0.0275,0.303,0.815
2026-02-18 00:00,2026-02-19 09:00,2026-02-19 14:00,24,0.0233,0.2718,0.6835
2026-02-18 00:00,2026-02-19 10:00,2026-02-19 15:00,24,0.0004,0.2948,0.6334
2026-02-18 00:00,2026-02-19 11:00,2026-02-19 16:00,24,0.0,0.2954,0.6685
2026-02-18 00:00,2026-02-19 12:00,2026-02-19 17:00,24,0.0,0.2278,0.5685
2026-02-18 00:00,2026-02-19 13:00,2026-02-19 18:00,24,0.0,0.187,0.428
2026-02-18 00:00,2026-02-19 14:00,2026-02-19 19:00,24,0.0,0.1832,0.4344
2026-02-18 00:00,2026-02-19 15:00,2026-02-19 20:00,24,0.0,0.1292,0.575
2026-02-18 00:00,2026-02-19 16:00,2026-02-19 21:00,24,0.0,0.0733,0.2012
2026-02-18 00:00,2026-02-19 17:00,2026-02-19 22:00,24,0.0,0.1866,0.5956
2026-02-18 00:00,2026-02-19 18:00,2026-02-19 23:00,24,0.0027,0.2378,0.6879
2026-02-18 00:00,2026-02-19 19:00,2026-02-20 00:00,24,0.0,0.3545,0.9291
2026-02-18 00:00,2026-02-19 20:00,2026-02-20 01:00,24,0.0,0.4258,0.8846
2026-02-18 00:00,2026-02-19 21:00,2026-02-20 02:00,24,0.0,0.376,0.9282
2026-02-18 00:00,2026-02-19 22:00,2026-02-20 03:00,24,0.0,0.4455,0.9301
2026-02-18 00:00,2026-02-19 23:00,2026-02-20 04:00,24,0.0,0.4232,0.8806
2026-02-19 00:00,2026-02-20 00:00,2026-02-20 05:00,24,0.0,0.4394,0.9595
2026-02-19 00:00,2026-02-20 01:00,2026-02-20 06:00,24,0.0654,0.5584,0.9882
2026-02-19 00:00,2026-02-20 02:00,2026-02-20 07:00,24,0.1934,0.5464,0.9839
2026-02-19 00:00,2026-02-20 03:00,2026-02-20 08:00,24,0.1542,0.5948,0.9986
2026-02-19 00:00,2026-02-20 04:00,2026-02-20 09:00,24,0.0515,0.4543,0.9815
2026-02-19 00:00,2026-02-20 05:00,2026-02-20 10:00,24,0.0249,0.3239,0.7734
2026-02-19 00:00,2026-02-20 06:00,2026-02-20 11:00,24,0.0173,0.2466,0.7891
2026-02-19 00:00,2026-02-20 07:00,2026-02-20 12:00,24,0.0,0.2393,0.6873
2026-02-19 00:00,2026-02-20 08:00,2026-02-20 13:00,24,0.0,0.2075,0.6661
2026-02-19 00:00,2026-02-20 09:00,2026-02-20 14:00,24,0.0,0.1654,0.6164
2026-02-19 00:00,2026-02-20 10:00,2026-02-20 15:00,24,0.0,0.1274,0.4984
2026-02-19 00:00,2026-02-20 11:00,2026-02-20 16:00,24,0.0,0.0927,0.4587
2026-02-19 00:00,2026-02-20 12:00,2026-02-20 17:00,24,0.0,0.1275,0.4373
2026-02-19 00:00,2026-02-20 13:00,2026-02-20 18:00,24,0.0,0.1824,0.4777
2026-02-19 00:00,2026-02-20 14:00,2026-02-20 19:00,24,0.0,0.1572,0.4822
2026-02-19 00:00,2026-02-20 15:00,2026-02-20 20:00,24,0.0,0.1783,0.7229
2026-02-19 00:00,2026-02-20 16:00,2026-02-20 21:00,24,0.0,0.0,0.668
2026-02-19 00:00,2026-02-20 17:00,2026-02-20 22:00,24,0.1758,0.6559,0.9219
2026-02-19 00:00,2026-02-20 18:00,2026-02-20 23:00,24,0.2183,0.5606,0.9326
2026-02-19 00:00,2026-02-20 19:00,2026-02-21 00:00,24,0.2534,0.647,0.9322
2026-02-19 00:00,2026-02-20 20:00,2026-02-21 01:00,24,0.459,0.6016,0.94
2026-02-19 00:00,2026-02-20 21:00,2026-02-21 02:00,24,0.4104,0.5463,0.9361
2026-02-19 00:00,2026-02-20 22:00,2026-02-21 03:00,24,0.4707,0.6457,0.9334
2026-02-19 00:00,2026-02-20 23:00,2026-02-21 04:00,24,0.5672,0.642,0.9317
2026-02-20 00:00,2026-02-21 00:00,2026-02-21 05:00,24,0.4763,0.4815,0.9444
2026-02-20 00:00,2026-02-21 01:00,2026-02-21 06:00,24,0.4596,0.4596,0.9632
2026-02-20 00:00,2026-02-21 02:00,2026-02-21 07:00,24,0.3406,0.3517,0.9208
2026-02-20 00:00,2026-02-21 03:00,2026-02-21 08:00,24,0.148,0.325,0.8914
2026-02-20 00:00,2026-02-21 04:00,2026-02-21 09:00,24,0.0411,0.3996,0.9402
2026-02-20 00:00,2026-02-21 05:00,2026-02-21 10:00,24,0.0,0.2608,0.7924
2026-02-20 00:00,2026-02-21 06:00,2026-02-21 11:00,24,0.2233,0.5045,1.0
2026-02-20 00:00,2026-02-21 07:00,2026-02-21 12:00,24,0.3488,0.6942,1.0
2026-02-20 00:00,2026-02-21 08:00,2026-02-21 13:00,24,0.5152,0.7839,1.0
2026-02-20 00:00,2026-02-21 09:00,2026-02-21 14:00,24,0.6831,0.8072,1.0
2026-02-20 00:00,2026-02-21 10:00,2026-02-21 15:00,24,0.7307,0.7307,1.0
2026-02-20 00:00,2026-02-21 11:00,2026-02-21 16:00,24,0.5445,0.7096,1.0
2026-02-20 00:00,2026-02-21 12:00,2026-02-21 17:00,24,0.5893,0.7166,1.0
2026-02-20 00:00,2026-02-21 13:00,2026-02-21 18:00,24,0.4653,0.6408,1.0
2026-02-20 00:00,2026-02-21 14:00,2026-02-21 19:00,24,0.133,0.4969,0.9838
2026-02-20 00:00,2026-02-21 15:00,2026-02-21 20:00,24,0.0928,0.5044,0.8088
2026-02-20 00:00,2026-02-21 16:00,2026-02-21 21:00,24,0.0,0.1815,0.6433
2026-02-20 00:00,2026-02-21 17:00,2026-02-21 22:00,24,0.0,0.1492,0.5303
2026-02-20 00:00,2026-02-21 18:00,2026-02-21 23:00,24,0.0,0.0915,0.4312
2026-02-20 00:00,2026-02-21 19:00,2026-02-22 00:00,24,0.0,0.131,0.4157
2026-02-20 00:00,2026-02-21 20:00,2026-02-22 01:00,24,0.0,0.0782,0.3342
2026-02-20 00:00,2026-02-21 21:00,2026-02-22 02:00,24,0.0,0.0378,0.3177
2026-02-20 00:00,2026-02-21 22:00,2026-02-22 03:00,24,0.0,0.0077,0.2852
2026-02-20 00:00,2026-02-21 23:00,2026-02-22 04:00,24,0.0,0.0,0.2662
2026-02-21 00:00,2026-02-22 00:00,2026-02-22 05:00,24,0.0,0.0,0.0578
2026-02-21 00:00,2026-02-22 01:00,2026-02-22 06:00,24,0.0,0.0215,0.2705
2026-02-21 00:00,2026-02-22 02:00,2026-02-22 07:00,24,0.0,0.0331,0.3787
2026-02-21 00:00,2026-02-22 03:00,2026-02-22 08:00,24,0.0,0.1181,0.5056
2026-02-21 00:00,2026-02-22 04:00,2026-02-22 09:00,24,0.1755,0.1842,0.7495
2026-02-21 00:00,2026-02-22 05:00,2026-02-22 10:00,24,0.1995,0.6785,1.0
2026-02-21 00:00,2026-02-22 06:00,2026-02-22 11:00,24,0.6862,0.8261,1.0
2026-02-21 00:00,2026-02-22 07:00,2026-02-22 12:00,24,0.892,0.892,1.0
2026-02-21 00:00,2026-02-22 08:00,2026-02-22 13:00,24,0.8285,0.8339,1.0
2026-02-21 00:00,2026-02-22 09:00,2026-02-22 14:00,24,0.8644,0.8644,1.0
2026-02-21 00:00,2026-02-22 10:00,2026-02-22 15:00,24,0.8339,0.8945,1.0
2026-02-21 00:00,2026-02-22 11:00,2026-02-22 16:00,24,0.7369,0.9065,1.0
2026-02-21 00:00,2026-02-22 12:00,2026-02-22 17:00,24,0.3875,0.7529,1.0
2026-02-21 00:00,2026-02-22 13:00,2026-02-22 18:00,24,0.2958,0.5975,1.0
2026-02-21 00:00,2026-02-22 14:00,2026-02-22 19:00,24,0.0674,0.4915,0.7902
2026-02-21 00:00,2026-02-22 15:00,2026-02-22 20:00,24,0.0435,0.4584,0.7166
2026-02-21 00:00,2026-02-22 16:00,2026-02-22 21:00,24,0.0,0.1663,0.5691
2026-02-21 00:00,2026-02-22 17:00,2026-02-22 22:00,24,0.0,0.0989,0.5738
2026-02-21 00:00,2026-02-22 18:00,2026-02-22 23:00,24,0.0,0.0417,0.4721
2026-02-21 00:00,2026-02-22 19:00,2026-02-23 00:00,24,0.0,0.0718,0.2935
2026-02-21 00:00,2026-02-22 20:00,2026-02-23 01:00,24,0.0,0.0224,0.2173
2026-02-21 00:00,2026-02-22 21:00,2026-02-23 02:00,24,0.0,0.0,0.2656
2026-02-21 00:00,2026-02-22 22:00,2026-02-23 03:00,24,0.0,0.032,0.3864
2026-02-21 00:00,2026-02-22 23:00,2026-02-23 04:00,24,0.0,0.0,0.1952
2026-02-22 00:00,2026-02-23 00:00,2026-02-23 05:00,24,0.0,0.0,0.1728
2026-02-22 00:00,2026-02-23 01:00,2026-02-23 06:00,24,0.0,0.0,0.1166
2026-02-22 00:00,2026-02-23 02:00,2026-02-23 07:00,24,0.0,0.0046,0.258
2026-02-22 00:00,2026-02-23 03:00,2026-02-23 08:00,24,0.0,0.0192,0.3165
2026-02-22 00:00,2026-02-23 04:00,2026-02-23 09:00,24,0.0,0.0511,0.3608
2026-02-22 00:00,2026-02-23 05:00,2026-02-23 10:00,24,0.0,0.085,0.4104
2026-02-22 00:00,2026-02-23 06:00,2026-02-23 11:00,24,0.0,0.0702,0.3638
2026-02-22 00:00,2026-02-23 07:00,2026-02-23 12:00,24,0.0,0.159,0.5738
2026-02-22 00:00,2026-02-23 08:00,2026-02-23 13:00,24,0.0161,0.3209,0.8334
2026-02-22 00:00,2026-02-23 09:00,2026-02-23 14:00,24,0.0645,0.4151,0.9375
2026-02-22 00:00,2026-02-23 10:00,2026-02-23 15:00,24,0.1524,0.5041,0.9347
2026-02-22 00:00,2026-02-23 11:00,2026-02-23 16:00,24,0.2728,0.5516,0.9882
2026-02-22 00:00,2026-02-23 12:00,2026-02-23 17:00,24,0.5365,0.6211,0.9919
2026-02-22 00:00,2026-02-23 13:00,2026-02-23 18:00,24,0.4404,0.6753,1.0
2026-02-22 00:00,2026-02-23 14:00,2026-02-23 19:00,24,0.4584,0.7016,1.0
2026-02-22 00:00,2026-02-23 15:00,2026-02-23 20:00,24,0.5467,0.7463,1.0
2026-02-22 00:00,2026-02-23 16:00,2026-02-23 21:00,24,0.4784,0.6832,0.9997
2026-02-22 00:00,2026-02-23 17:00,2026-02-23 22:00,24,0.5014,0.7302,1.0
2026-02-22 00:00,2026-02-23 18:00,2026-02-23 23:00,24,0.5015,0.7533,1.0
2026-02-22 00:00,2026-02-23 19:00,2026-02-24 00:00,24,0.517,0.7988,0.9998
2026-02-22 00:00,2026-02-23 20:00,2026-02-24 01:00,24,0.6843,0.7447,1.0
2026-02-22 00:00,2026-02-23 21:00,2026-02-24 02:00,24,0.6827,0.8463,1.0
2026-02-22 00:00,2026-02-23 22:00,2026-02-24 03:00,24,0.8233,0.8643,1.0
2026-02-22 00:00,2026-02-23 23:00,2026-02-24 04:00,24,0.818,0.8279,1.0
2026-02-23 00:00,2026-02-24 00:00,2026-02-24 05:00,24,0.5547,0.6122,0.9703
2026-02-23 00:00,2026-02-24 01:00,2026-02-24 06:00,24,0.4933,0.6505,0.9585
2026-02-23 00:00,2026-02-24 02:00,2026-02-24 07:00,24,0.4449,0.5885,0.9578
2026-02-23 00:00,2026-02-24 03:00,2026-02-24 08:00,24,0.4412,0.6537,0.922
2026-02-23 00:00,2026-02-24 04:00,2026-02-24 09:00,24,0.3477,0.5736,0.8989
2026-02-23 00:00,2026-02-24 05:00,2026-02-24 10:00,24,0.2145,0.4483,0.8938
2026-02-23 00:00,2026-02-24 06:00,2026-02-24 11:00,24,0.2167,0.4458,0.9694
2026-02-23 00:00,2026-02-24 07:00,2026-02-24 12:00,24,0.2138,0.4699,0.968
2026-02-23 00:00,2026-02-24 08:00,2026-02-24 13:00,24,0.2399,0.4442,0.9564
2026-02-23 00:00,2026-02-24 09:00,2026-02-24 14:00,24,0.2212,0.3405,0.9668
2026-02-23 00:00,2026-02-24 10:00,2026-02-24 15:00,24,0.2408,0.4416,0.9816
2026-02-23 00:00,2026-02-24 11:00,2026-02-24 16:00,24,0.2485,0.4825,0.9704
2026-02-23 00:00,2026-02-24 12:00,2026-02-24 17:00,24,0.1462,0.3194,0.8647
2026-02-23 00:00,2026-02-24 13:00,2026-02-24 18:00,24,0.1378,0.3529,0.9018
2026-02-23 00:00,2026-02-24 14:00,2026-02-24 19:00,24,0.0489,0.4259,0.8659
2026-02-23 00:00,2026-02-24 15:00,2026-02-24 20:00,24,0.0128,0.256,0.7439
2026-02-23 00:00,2026-02-24 16:00,2026-02-24 21:00,24,0.0,0.0915,0.597
2026-02-23 00:00,2026-02-24 17:00,2026-02-24 22:00,24,0.0,0.0224,0.4296
2026-02-23 00:00,2026-02-24 18:00,2026-02-24 23:00,24,0.0,0.0,0.2041
2026-02-23 00:00,2026-02-24 19:00,2026-02-25 00:00,24,0.0,0.0133,0.3224
2026-02-23 00:00,2026-02-24 20:00,2026-02-25 01:00,24,0.0,0.0,0.1977
2026-02-23 00:00,2026-02-24 21:00,2026-02-25 02:00,24,0.0,0.0,0.1686
2026-02-23 00:00,2026-02-24 22:00,2026-02-25 03:00,24,0.0,0.0,0.1505
2026-02-23 00:00,2026-02-24 23:00,2026-02-25 04:00,24,0.0,0.0,0.2224
2026-02-24 00:00,2026-02-25 00:00,2026-02-25 05:00,24,0.0,0.0,0.2904
2026-02-24 00:00,2026-02-25 01:00,2026-02-25 06:00,24,0.0,0.0,0.2586
2026-02-24 00:00,2026-02-25 02:00,2026-02-25 07:00,24,0.0,0.0196,0.318
2026-02-24 00:00,2026-02-25 03:00,2026-02-25 08:00,24,0.0,0.0633,0.403
2026-02-24 00:00,2026-02-25 04:00,2026-02-25 09:00,24,0.0,0.0172,0.4531
2026-02-24 00:00,2026-02-25 05:00,2026-02-25 10:00,24,0.0,0.0,0.337
2026-02-24 00:00,2026-02-25 06:00,2026-02-25 11:00,24,0.0,0.0,0.2659
2026-02-24 00:00,2026-02-25 07:00,2026-02-25 12:00,24,0.0,0.0,0.195
2026-02-24 00:00,2026-02-25 08:00,2026-02-25 13:00,24,0.0,0.0,0.174
2026-02-24 00:00,2026-02-25 09:00,2026-02-25 14:00,24,0.0,0.0,0.2301
2026-02-24 00:00,2026-02-25 10:00,2026-02-25 15:00,24,0.0,0.0,0.0499
2026-02-24 00:00,2026-02-25 11:00,2026-02-25 16:00,24,0.0,0.0,0.089
2026-02-24 00:00,2026-02-25 12:00,2026-02-25 17:00,24,0.0,0.0,0.2624
2026-02-24 00:00,2026-02-25 13:00,2026-02-25 18:00,24,0.0,0.006,0.2534
2026-02-24 00:00,2026-02-25 14:00,2026-02-25 19:00,24,0.0,0.048,0.3278
2026-02-24 00:00,2026-02-25 15:00,2026-02-25 20:00,24,0.0,0.1262,0.5644
2026-02-24 00:00,2026-02-25 16:00,2026-02-25 21:00,24,0.0,0.0898,0.5549
2026-02-24 00:00,2026-02-25 17:00,2026-02-25 22:00,24,0.0306,0.4007,0.8415
2026-02-24 00:00,2026-02-25 18:00,2026-02-25 23:00,24,0.188,0.5925,0.9863
2026-02-24 00:00,2026-02-25 19:00,2026-02-26 00:00,24,0.5072,0.6085,1.0
2026-02-24 00:00,2026-02-25 20:00,2026-02-26 01:00,24,0.5513,0.7298,1.0
2026-02-24 00:00,2026-02-25 21:00,2026-02-26 02:00,24,0.4855,0.5907,1.0
2026-02-24 00:00,2026-02-25 22:00,2026-02-26 03:00,24,0.9332,0.9332,1.0
2026-02-24 00:00,2026-02-25 23:00,2026-02-26 04:00,24,0.9279,0.9279,1.0
2026-02-25 00:00,2026-02-26 00:00,2026-02-26 05:00,24,0.8436,0.8436,1.0
2026-02-25 00:00,2026-02-26 01:00,2026-02-26 06:00,24,0.6902,0.7508,1.0
2026-02-25 00:00,2026-02-26 02:00,2026-02-26 07:00,24,0.6954,0.6954,1.0
2026-02-25 00:00,2026-02-26 03:00,2026-02-26 08:00,24,0.0103,0.2456,0.9916
2026-02-25 00:00,2026-02-26 04:00,2026-02-26 09:00,24,0.0285,0.2373,0.7001
2026-02-25 00:00,2026-02-26 05:00,2026-02-26 10:00,24,0.0923,0.3653,0.896
2026-02-25 00:00,2026-02-26 06:00,2026-02-26 11:00,24,0.0217,0.2059,0.8907
2026-02-25 00:00,2026-02-26 07:00,2026-02-26 12:00,24,0.1019,0.2574,0.9385
2026-02-25 00:00,2026-02-26 08:00,2026-02-26 13:00,24,0.0592,0.1858,0.7529
2026-02-25 00:00,2026-02-26 09:00,2026-02-26 14:00,24,0.1096,0.1388,0.7816
2026-02-25 00:00,2026-02-26 10:00,2026-02-26 15:00,24,0.1655,0.2626,0.9157
2026-02-25 00:00,2026-02-26 11:00,2026-02-26 16:00,24,0.3254,0.4391,0.9928
2026-02-25 00:00,2026-02-26 12:00,2026-02-26 17:00,24,0.5118,0.7359,1.0
2026-02-25 00:00,2026-02-26 13:00,2026-02-26 18:00,24,0.5506,0.7273,1.0
2026-02-25 00:00,2026-02-26 14:00,2026-02-26 19:00,24,0.5532,0.8268,1.0
2026-02-25 00:00,2026-02-26 15:00,2026-02-26 20:00,24,0.6078,0.89,1.0
2026-02-25 00:00,2026-02-26 16:00,2026-02-26 21:00,24,0.5411,0.8485,1.0
2026-02-25 00:00,2026-02-26 17:00,2026-02-26 22:00,24,0.5338,0.8179,0.9933
2026-02-25 00:00,2026-02-26 18:00,2026-02-26 23:00,24,0.4641,0.7595,1.0
2026-02-25 00:00,2026-02-26 19:00,2026-02-27 00:00,24,0.4367,0.7231,1.0
2026-02-25 00:00,2026-02-26 20:00,2026-02-27 01:00,24,0.4271,0.6499,1.0
2026-02-25 00:00,2026-02-26 21:00,2026-02-27 02:00,24,0.3352,0.6513,1.0
2026-02-25 00:00,2026-02-26 22:00,2026-02-27 03:00,24,0.3029,0.5879,1.0
2026-02-25 00:00,2026-02-26 23:00,2026-02-27 04:00,24,0.3231,0.5494,1.0
2026-02-26 00:00,2026-02-27 00:00,2026-02-27 05:00,24,0.0,0.3837,0.8647
2026-02-26 00:00,2026-02-27 01:00,2026-02-27 06:00,24,0.021,0.2442,0.7627
2026-02-26 00:00,2026-02-27 02:00,2026-02-27 07:00,24,0.0044,0.2992,0.7728
2026-02-26 00:00,2026-02-27 03:00,2026-02-27 08:00,24,0.0,0.2681,0.7296
2026-02-26 00:00,2026-02-27 04:00,2026-02-27 09:00,24,0.0052,0.1336,0.6623
2026-02-26 00:00,2026-02-27 05:00,2026-02-27 10:00,24,0.0,0.1493,0.6803
2026-02-26 00:00,2026-02-27 06:00,2026-02-27 11:00,24,0.0,0.1841,0.7339
2026-02-26 00:00,2026-02-27 07:00,2026-02-27 12:00,24,0.0253,0.2795,0.7489
2026-02-26 00:00,2026-02-27 08:00,2026-02-27 13:00,24,0.0809,0.3866,0.8264
2026-02-26 00:00,2026-02-27 09:00,2026-02-27 14:00,24,0.1711,0.3199,0.8736
2026-02-26 00:00,2026-02-27 10:00,2026-02-27 15:00,24,0.2959,0.3591,0.9172
2026-02-26 00:00,2026-02-27 11:00,2026-02-27 16:00,24,0.5095,0.6083,0.9985
2026-02-26 00:00,2026-02-27 12:00,2026-02-27 17:00,24,0.3217,0.6075,0.9697
2026-02-26 00:00,2026-02-27 13:00,2026-02-27 18:00,24,0.3255,0.5948,0.965
2026-02-26 00:00,2026-02-27 14:00,2026-02-27 19:00,24,0.3125,0.6328,0.9631
2026-02-26 00:00,2026-02-27 15:00,2026-02-27 20:00,24,0.5117,0.7303,0.9842
2026-02-26 00:00,2026-02-27 16:00,2026-02-27 21:00,24,0.458,0.6236,0.96
2026-02-26 00:00,2026-02-27 17:00,2026-02-27 22:00,24,0.4783,0.6182,0.9765
2026-02-26 00:00,2026-02-27 18:00,2026-02-27 23:00,24,0.3436,0.6711,0.9189
2026-02-26 00:00,2026-02-27 19:00,2026-02-28 00:00,24,0.2853,0.5349,0.9134
2026-02-26 00:00,2026-02-27 20:00,2026-02-28 01:00,24,0.402,0.5169,0.9298
2026-02-26 00:00,2026-02-27 21:00,2026-02-28 02:00,24,0.4443,0.6346,0.974
2026-02-26 00:00,2026-02-27 22:00,2026-02-28 03:00,24,0.5893,0.7285,0.9914
2026-02-26 00:00,2026-02-27 23:00,2026-02-28 04:00,24,0.4521,0.6962,0.9811
2026-02-27 00:00,2026-02-28 00:00,2026-02-28 05:00,24,0.4316,0.646,0.9967
2026-02-27 00:00,2026-02-28 01:00,2026-02-28 06:00,24,0.5123,0.7334,0.9935
2026-02-27 00:00,2026-02-28 02:00,2026-02-28 07:00,24,0.7795,0.8094,1.0
2026-02-27 00:00,2026-02-28 03:00,2026-02-28 08:00,24,0.6886,0.7903,1.0
2026-02-27 00:00,2026-02-28 04:00,2026-02-28 09:00,24,0.6846,0.7855,1.0
2026-02-27 00:00,2026-02-28 05:00,2026-02-28 10:00,24,0.7187,0.8023,1.0
2026-02-27 00:00,2026-02-28 06:00,2026-02-28 11:00,24,0.7874,0.7874,1.0
2026-02-27 00:00,2026-02-28 07:00,2026-02-28 12:00,24,0.7844,0.7844,1.0
2026-02-27 00:00,2026-02-28 08:00,2026-02-28 13:00,24,0.7213,0.7613,1.0
2026-02-27 00:00,2026-02-28 09:00,2026-02-28 14:00,24,0.7274,0.7705,1.0
2026-02-27 00:00,2026-02-28 10:00,2026-02-28 15:00,24,0.634,0.7686,1.0
2026-02-27 00:00,2026-02-28 11:00,2026-02-28 16:00,24,0.5998,0.7713,1.0
2026-02-27 00:00,2026-02-28 12:00,2026-02-28 17:00,24,0.7324,0.8409,1.0
2026-02-27 00:00,2026-02-28 13:00,2026-02-28 18:00,24,0.6112,0.7763,0.9964
2026-02-27 00:00,2026-02-28 14:00,2026-02-28 19:00,24,0.67,0.8279,0.9527
2026-02-27 00:00,2026-02-28 15:00,2026-02-28 20:00,24,0.4601,0.745,0.9164
2026-02-27 00:00,2026-02-28 16:00,2026-02-28 21:00,24,0.0506,0.5188,0.848
2026-02-27 00:00,2026-02-28 17:00,2026-02-28 22:00,24,0.0983,0.576,0.8649
2026-02-27 00:00,2026-02-28 18:00,2026-02-28 23:00,24,0.0288,0.5418,0.7978
2026-02-27 00:00,2026-02-28 19:00,2026-03-01 00:00,24,0.0698,0.5551,0.7536
2026-02-27 00:00,2026-02-28 20:00,2026-03-01 01:00,24,0.0473,0.4874,0.69
2026-02-27 00:00,2026-02-28 21:00,2026-03-01 02:00,24,0.0361,0.4127,0.7019
2026-02-27 00:00,2026-02-28 22:00,2026-03-01 03:00,24,0.0088,0.395,0.6783
2026-02-27 00:00,2026-02-28 23:00,2026-03-01 04:00,24,0.0,0.3911,0.6795
2026-01-30 00:00,2026-02-01 00:00,2026-02-01 05:00,48,0.0,0.0,0.5083
2026-01-30 00:00,2026-02-01 01:00,2026-02-01 06:00,48,0.0,0.031,0.6375
2026-01-30 00:00,2026-02-01 02:00,2026-02-01 07:00,48,0.0,0.0335,0.6703
2026-01-30 00:00,2026-02-01 03:00,2026-02-01 08:00,48,0.0,0.0,0.3785
2026-01-30 00:00,2026-02-01 04:00,2026-02-01 09:00,48,0.0,0.0,0.4333
2026-01-30 00:00,2026-02-01 05:00,2026-02-01 10:00,48,0.0121,0.1241,0.701
2026-01-30 00:00,2026-02-01 06:00,2026-02-01 11:00,48,0.0981,0.2083,0.7472
2026-01-30 00:00,2026-02-01 07:00,2026-02-01 12:00,48,0.18,0.3,0.8359
2026-01-30 00:00,2026-02-01 08:00,2026-02-01 13:00,48,0.1842,0.4923,0.9283
2026-01-30 00:00,2026-02-01 09:00,2026-02-01 14:00,48,0.1339,0.5835,0.9368
2026-01-30 00:00,2026-02-01 10:00,2026-02-01 15:00,48,0.1362,0.5761,0.8891
2026-01-30 00:00,2026-02-01 11:00,2026-02-01 16:00,48,0.2063,0.4703,0.8718
2026-01-30 00:00,2026-02-01 12:00,2026-02-01 17:00,48,0.0733,0.2447,0.7372
2026-01-30 00:00,2026-02-01 13:00,2026-02-01 18:00,48,0.0901,0.2893,0.7143
2026-01-30 00:00,2026-02-01 14:00,2026-02-01 19:00,48,0.1121,0.1433,0.8314
2026-01-30 00:00,2026-02-01 15:00,2026-02-01 20:00,48,0.1243,0.1275,0.8137
2026-01-30 00:00,2026-02-01 16:00,2026-02-01 21:00,48,0.1353,0.1353,0.8017
2026-01-30 00:00,2026-02-01 17:00,2026-02-01 22:00,48,0.1568,0.1568,0.8234
2026-01-30 00:00,2026-02-01 18:00,2026-02-01 23:00,48,0.1083,0.1926,0.8058
2026-01-30 00:00,2026-02-01 19:00,2026-02-02 00:00,48,0.1119,0.1177,0.8488
2026-01-30 00:00,2026-02-01 20:00,2026-02-02 01:00,48,0.1452,0.1501,0.8464
2026-01-30 00:00,2026-02-01 21:00,2026-02-02 02:00,48,0.2534,0.2534,0.9555
2026-01-30 00:00,2026-02-01 22:00,2026-02-02 03:00,48,0.367,0.367,0.9922
2026-01-30 00:00,2026-02-01 23:00,2026-02-02 04:00,48,0.5245,0.5245,1.0
2026-01-31 00:00,2026-02-02 00:00,2026-02-02 05:00,48,0.4647,0.4647,0.9427
2026-01-31 00:00,2026-02-02 01:00,2026-02-02 06:00,48,0.5554,0.5554,0.969
2026-01-31 00:00,2026-02-02 02:00,2026-02-02 07:00,48,0.5443,0.5443,0.9855
2026-01-31 00:00,2026-02-02 03:00,2026-02-02 08:00,48,0.7386,0.7386,1.0
2026-01-31 00:00,2026-02-02 04:00,2026-02-02 09:00,48,0.7174,0.7174,1.0
2026-01-31 00:00,2026-02-02 05:00,2026-02-02 10:00,48,0.8562,0.8562,1.0
2026-01-31 00:00,2026-02-02 06:00,2026-02-02 11:00,48,0.7268,0.7747,0.9991
2026-01-31 00:00,2026-02-02 07:00,2026-02-02 12:00,48,0.7439,0.8319,0.9937
2026-01-31 00:00,2026-02-02 08:00,2026-02-02 13:00,48,0.8611,0.8611,1.0
2026-01-31 00:00,2026-02-02 09:00,2026-02-02 14:00,48,0.8373,0.8373,1.0
2026-01-31 00:00,2026-02-02 10:00,2026-02-02 15:00,48,0.7522,0.7764,1.0
2026-01-31 00:00,2026-02-02 11:00,2026-02-02 16:00,48,0.7506,0.7506,1.0
2026-01-31 00:00,2026-02-02 12:00,2026-02-02 17:00,48,0.7064,0.7064,0.9926
2026-01-31 00:00,2026-02-02 13:00,2026-02-02 18:00,48,0.28,0.3957,0.8526
2026-01-31 00:00,2026-02-02 14:00,2026-02-02 19:00,48,0.2042,0.4098,0.7904
2026-01-31 00:00,2026-02-02 15:00,2026-02-02 20:00,48,0.0727,0.1354,0.6928
2026-01-31 00:00,2026-02-02 16:00,2026-02-02 21:00,48,0.0242,0.1035,0.6777
2026-01-31 00:00,2026-02-02 17:00,2026-02-02 22:00,48,0.0,0.2058,0.7408
2026-01-31 00:00,2026-02-02 18:00,2026-02-02 23:00,48,0.0946,0.1894,0.7585
2026-01-31 00:00,2026-02-02 19:00,2026-02-03 00:00,48,0.0612,0.3032,0.7696
2026-01-31 00:00,2026-02-02 20:00,2026-02-03 01:00,48,0.2459,0.3686,0.9155
2026-01-31 00:00,2026-02-02 21:00,2026-02-03 02:00,48,0.2872,0.2872,0.9081
2026-01-31 00:00,2026-02-02 22:00,2026-02-03 03:00,48,0.4762,0.4762,0.9592
2026-01-31 00:00,2026-02-02 23:00,2026-02-03 04:00,48,0.6169,0.6169,0.9881
2026-02-01 00:00,2026-02-03 00:00,2026-02-03 05:00,48,0.0454,0.2437,0.7477
2026-02-01 00:00,2026-02-03 01:00,2026-02-03 06:00,48,0.0,0.0,0.4898
2026-02-01 00:00,2026-02-03 02:00,2026-02-03 07:00,48,0.0,0.0868,0.6709
2026-02-01 00:00,2026-02-03 03:00,2026-02-03 08:00,48,0.0,0.0511,0.3614
2026-02-01 00:00,2026-02-03 04:00,2026-02-03 09:00,48,0.0,0.0315,0.4507
2026-02-01 00:00,2026-02-03 05:00,2026-02-03 10:00,48,0.0,0.0263,0.4407
2026-02-01 00:00,2026-02-03 06:00,2026-02-03 11:00,48,0.0,0.0823,0.5476
2026-02-01 00:00,2026-02-03 07:00,2026-02-03 12:00,48,0.0,0.0,0.3095
2026-02-01 00:00,2026-02-03 08:00,2026-02-03 13:00,48,0.0,0.0419,0.3745
2026-02-01 00:00,2026-02-03 09:00,2026-02-03 14:00,48,0.0,0.0626,0.4021
2026-02-01 00:00,2026-02-03 10:00,2026-02-03 15:00,48,0.0,0.0942,0.4403
2026-02-01 00:00,2026-02-03 11:00,2026-02-03 16:00,48,0.0,0.1354,0.6159
2026-02-01 00:00,2026-02-03 12:00,2026-02-03 17:00,48,0.0,0.287,0.8721
2026-02-01 00:00,2026-02-03 13:00,2026-02-03 18:00,48,0.0,0.3429,0.837
2026-02-01 00:00,2026-02-03 14:00,2026-02-03 19:00,48,0.0,0.3325,0.8535
2026-02-01 00:00,2026-02-03 15:00,2026-02-03 20:00,48,0.0,0.3668,0.8543
2026-02-01 00:00,2026-02-03 16:00,2026-02-03 21:00,48,0.0,0.3007,0.8365
2026-02-01 00:00,2026-02-03 17:00,2026-02-03 22:00,48,0.0,0.3555,0.7598
2026-02-01 00:00,2026-02-03 18:00,2026-02-03 23:00,48,0.0256,0.261,0.787
2026-02-01 00:00,2026-02-03 19:00,2026-02-04 00:00,48,0.0,0.4088,0.9078
2026-02-01 00:00,2026-02-03 20:00,2026-02-04 01:00,48,0.0,0.4241,0.8924
2026-02-01 00:00,2026-02-03 21:00,2026-02-04 02:00,48,0.0232,0.3452,0.8821
2026-02-01 00:00,2026-02-03 22:00,2026-02-04 03:00,48,0.0502,0.482,0.9662
2026-02-01 00:00,2026-02-03 23:00,2026-02-04 04:00,48,0.08,0.4807,0.9142
2026-02-02 00:00,2026-02-04 00:00,2026-02-04 05:00,48,0.0774,0.4473,0.9159
2026-02-02 00:00,2026-02-04 01:00,2026-02-04 06:00,48,0.0884,0.6078,0.9864
2026-02-02 00:00,2026-02-04 02:00,2026-02-04 07:00,48,0.1088,0.6015,0.9508
2026-02-02 00:00,2026-02-04 03:00,2026-02-04 08:00,48,0.0831,0.5684,0.9458
2026-02-02 00:00,2026-02-04 04:00,2026-02-04 09:00,48,0.0436,0.5102,0.9161
2026-02-02 00:00,2026-02-04 05:00,2026-02-04 10:00,48,0.0294,0.2606,0.8103
2026-02-02 00:00,2026-02-04 06:00,2026-02-04 11:00,48,0.0327,0.2679,0.8872
2026-02-02 00:00,2026-02-04 07:00,2026-02-04 12:00,48,0.0,0.2424,0.8467
2026-02-02 00:00,2026-02-04 08:00,2026-02-04 13:00,48,0.02,0.1579,0.8029
2026-02-02 00:00,2026-02-04 09:00,2026-02-04 14:00,48,0.0076,0.1389,0.7587
2026-02-02 00:00,2026-02-04 10:00,2026-02-04 15:00,48,0.0018,0.1652,0.7673
2026-02-02 00:00,2026-02-04 11:00,2026-02-04 16:00,48,0.0,0.1139,0.6439
2026-02-02 00:00,2026-02-04 12:00,2026-02-04 17:00,48,0.0,0.0824,0.4427
2026-02-02 00:00,2026-02-04 13:00,2026-02-04 18:00,48,0.0,0.0846,0.4828
2026-02-02 00:00,2026-02-04 14:00,2026-02-04 19:00,48,0.0,0.0,0.5408
2026-02-02 00:00,2026-02-04 15:00,2026-02-04 20:00,48,0.0106,0.1401,0.7679
2026-02-02 00:00,2026-02-04 16:00,2026-02-04 21:00,48,0.1527,0.4323,0.9595
2026-02-02 00:00,2026-02-04 17:00,2026-02-04 22:00,48,0.7154,0.7154,0.9933
2026-02-02 00:00,2026-02-04 18:00,2026-02-04 23:00,48,0.7707,0.7707,0.9807
2026-02-02 00:00,2026-02-04 19:00,2026-02-05 00:00,48,0.8123,0.8123,0.989
2026-02-02 00:00,2026-02-04 20:00,2026-02-05 01:00,48,0.8388,0.8388,0.9851
2026-02-02 00:00,2026-02-04 21:00,2026-02-05 02:00,48,0.9272,0.9272,1.0
2026-02-02 00:00,2026-02-04 22:00,2026-02-05 03:00,48,0.9667,0.9667,1.0
2026-02-02 00:00,2026-02-04 23:00,2026-02-05 04:00,48,0.9667,0.9667,1.0
2026-02-03 00:00,2026-02-05 00:00,2026-02-05 05:00,48,0.9178,0.9178,1.0
2026-02-03 00:00,2026-02-05 01:00,2026-02-05 06:00,48,0.9511,0.9511,1.0
2026-02-03 00:00,2026-02-05 02:00,2026-02-05 07:00,48,0.9522,0.9522,1.0
2026-02-03 00:00,2026-02-05 03:00,2026-02-05 08:00,48,0.9667,0.9667,1.0
2026-02-03 00:00,2026-02-05 04:00,2026-02-05 09:00,48,0.9665,0.9665,1.0
2026-02-03 00:00,2026-02-05 05:00,2026-02-05 10:00,48,0.9336,0.9336,1.0
2026-02-03 00:00,2026-02-05 06:00,2026-02-05 11:00,48,0.9244,0.9244,1.0
2026-02-03 00:00,2026-02-05 07:00,2026-02-05 12:00,48,0.9667,0.9667,1.0
2026-02-03 00:00,2026-02-05 08:00,2026-02-05 13:00,48,0.9667,0.9667,1.0
2026-02-03 00:00,2026-02-05 09:00,2026-02-05 14:00,48,0.9667,0.9667,1.0
2026-02-03 00:00,2026-02-05 10:00,2026-02-05 15:00,48,0.8771,0.9181,1.0
2026-02-03 00:00,2026-02-05 11:00,2026-02-05 16:00,48,0.9087,0.9087,1.0
2026-02-03 00:00,2026-02-05 12:00,2026-02-05 17:00,48,0.9015,0.9183,1.0
2026-02-03 00:00,2026-02-05 13:00,2026-02-05 18:00,48,0.9667,0.9667,1.0
2026-02-03 00:00,2026-02-05 14:00,2026-02-05 19:00,48,0.8919,0.8919,1.0
2026-02-03 00:00,2026-02-05 15:00,2026-02-05 20:00,48,0.8651,0.8651,1.0
2026-02-03 00:00,2026-02-05 16:00,2026-02-05 21:00,48,0.8128,0.8128,0.9943
2026-02-03 00:00,2026-02-05 17:00,2026-02-05 22:00,48,0.7156,0.7156,0.9944
2026-02-03 00:00,2026-02-05 18:00,2026-02-05 23:00,48,0.8265,0.8265,1.0
2026-02-03 00:00,2026-02-05 19:00,2026-02-06 00:00,48,0.7154,0.7154,0.9782
2026-02-03 00:00,2026-02-05 20:00,2026-02-06 01:00,48,0.6112,0.6112,0.9426
2026-02-03 00:00,2026-02-05 21:00,2026-02-06 02:00,48,0.5867,0.5867,0.9319
2026-02-03 00:00,2026-02-05 22:00,2026-02-06 03:00,48,0.4686,0.4686,0.8578
2026-02-03 00:00,2026-02-05 23:00,2026-02-06 04:00,48,0.0818,0.2021,0.7612
2026-02-04 00:00,2026-02-06 00:00,2026-02-06 05:00,48,0.0,0.0165,0.3713
2026-02-04 00:00,2026-02-06 01:00,2026-02-06 06:00,48,0.0,0.0,0.3292
2026-02-04 00:00,2026-02-06 02:00,2026-02-06 07:00,48,0.0,0.0,0.2975
2026-02-04 00:00,2026-02-06 03:00,2026-02-06 08:00,48,0.0,0.1312,0.5309
2026-02-04 00:00,2026-02-06 04:00,2026-02-06 09:00,48,0.0,0.1986,0.6791
2026-02-04 00:00,2026-02-06 05:00,2026-02-06 10:00,48,0.0,0.3948,0.8561
2026-02-04 00:00,2026-02-06 06:00,2026-02-06 11:00,48,0.276,0.5592,0.9881
2026-02-04 00:00,2026-02-06 07:00,2026-02-06 12:00,48,0.3334,0.7435,1.0
2026-02-04 00:00,2026-02-06 08:00,2026-02-06 13:00,48,0.4891,0.6934,1.0
2026-02-04 00:00,2026-02-06 09:00,2026-02-06 14:00,48,0.8921,0.8921,1.0
2026-02-04 00:00,2026-02-06 10:00,2026-02-06 15:00,48,0.9527,0.9527,1.0
2026-02-04 00:00,2026-02-06 11:00,2026-02-06 16:00,48,0.9667,0.9667,1.0
2026-02-04 00:00,2026-02-06 12:00,2026-02-06 17:00,48,0.9351,0.9351,1.0
2026-02-04 00:00,2026-02-06 13:00,2026-02-06 18:00,48,0.9377,0.9377,1.0
2026-02-04 00:00,2026-02-06 14:00,2026-02-06 19:00,48,0.9262,0.9262,1.0
2026-02-04 00:00,2026-02-06 15:00,2026-02-06 20:00,48,0.9428,0.9428,1.0
2026-02-04 00:00,2026-02-06 16:00,2026-02-06 21:00,48,0.9485,0.9485,1.0
2026-02-04 00:00,2026-02-06 17:00,2026-02-06 22:00,48,0.934,0.934,1.0
2026-02-04 00:00,2026-02-06 18:00,2026-02-06 23:00,48,0.8324,0.8324,1.0
2026-02-04 00:00,2026-02-06 19:00,2026-02-07 00:00,48,0.7514,0.762,1.0
2026-02-04 00:00,2026-02-06 20:00,2026-02-07 01:00,48,0.3845,0.7121,1.0
2026-02-04 00:00,2026-02-06 21:00,2026-02-07 02:00,48,0.4111,0.6853,1.0
2026-02-04 00:00,2026-02-06 22:00,2026-02-07 03:00,48,0.3166,0.62,0.9772
2026-02-04 00:00,2026-02-06 23:00,2026-02-07 04:00,48,0.2476,0.5423,1.0
2026-02-05 00:00,2026-02-07 00:00,2026-02-07 05:00,48,0.0,0.146,0.6876
2026-02-05 00:00,2026-02-07 01:00,2026-02-07 06:00,48,0.0,0.0295,0.5501
2026-02-05 00:00,2026-02-07 02:00,2026-02-07 07:00,48,0.0,0.029,0.4475
2026-02-05 00:00,2026-02-07 03:00,2026-02-07 08:00,48,0.0,0.0,0.2834
2026-02-05 00:00,2026-02-07 04:00,2026-02-07 09:00,48,0.0,0.0,0.4048
2026-02-05 00:00,2026-02-07 05:00,2026-02-07 10:00,48,0.0,0.0249,0.6064
2026-02-05 00:00,2026-02-07 06:00,2026-02-07 11:00,48,0.0,0.1536,0.7996
2026-02-05 00:00,2026-02-07 07:00,2026-02-07 12:00,48,0.005,0.0957,0.6556
2026-02-05 00:00,2026-02-07 08:00,2026-02-07 13:00,48,0.0015,0.1301,0.6402
2026-02-05 00:00,2026-02-07 09:00,2026-02-07 14:00,48,0.0,0.1077,0.6173
2026-02-05 00:00,2026-02-07 10:00,2026-02-07 15:00,48,0.0,0.0984,0.582
2026-02-05 00:00,2026-02-07 11:00,2026-02-07 16:00,48,0.0,0.0865,0.4657
2026-02-05 00:00,2026-02-07 12:00,2026-02-07 17:00,48,0.0,0.0991,0.5853
2026-02-05 00:00,2026-02-07 13:00,2026-02-07 18:00,48,0.0,0.0966,0.5098
2026-02-05 00:00,2026-02-07 14:00,2026-02-07 19:00,48,0.0,0.2889,0.7772
2026-02-05 00:00,2026-02-07 15:00,2026-02-07 20:00,48,0.0,0.3385,0.898
2026-02-05 00:00,2026-02-07 16:00,2026-02-07 21:00,48,0.1241,0.4723,0.9541
2026-02-05 00:00,2026-02-07 17:00,2026-02-07 22:00,48,0.1864,0.389,0.9652
2026-02-05 00:00,2026-02-07 18:00,2026-02-07 23:00,48,0.2347,0.4092,0.9765
2026-02-05 00:00,2026-02-07 19:00,2026-02-08 00:00,48,0.288,0.476,0.9662
2026-02-05 00:00,2026-02-07 20:00,2026-02-08 01:00,48,0.3427,0.5412,0.9731
2026-02-05 00:00,2026-02-07 21:00,2026-02-08 02:00,48,0.3917,0.6317,0.9757
2026-02-05 00:00,2026-02-07 22:00,2026-02-08 03:00,48,0.3856,0.6849,0.9856
2026-02-05 00:00,2026-02-07 23:00,2026-02-08 04:00,48,0.4151,0.6981,0.9799
2026-02-06 00:00,2026-02-08 00:00,2026-02-08 05:00,48,0.1711,0.5663,0.989
2026-02-06 00:00,2026-02-08 01:00,2026-02-08 06:00,48,0.1279,0.4721,0.9116
2026-02-06 00:00,2026-02-08 02:00,2026-02-08 07:00,48,0.0296,0.4252,0.8991
2026-02-06 00:00,2026-02-08 03:00,2026-02-08 08:00,48,0.0132,0.3469,0.8149
2026-02-06 00:00,2026-02-08 04:00,2026-02-08 09:00,48,0.0,0.1507,0.7063
2026-02-06 00:00,2026-02-08 05:00,2026-02-08 10:00,48,0.0,0.0734,0.5809
2026-02-06 00:00,2026-02-08 06:00,2026-02-08 11:00,48,0.0,0.0097,0.2716
2026-02-06 00:00,2026-02-08 07:00,2026-02-08 12:00,48,0.0,0.0,0.1629
2026-02-06 00:00,2026-02-08 08:00,2026-02-08 13:00,48,0.0,0.0,0.2191
2026-02-06 00:00,2026-02-08 09:00,2026-02-08 14:00,48,0.0,0.0611,0.4402
2026-02-06 00:00,2026-02-08 10:00,2026-02-08 15:00,48,0.0538,0.3309,0.8438
2026-02-06 00:00,2026-02-08 11:00,2026-02-08 16:00,48,0.4297,0.7652,1.0
2026-02-06 00:00,2026-02-08 12:00,2026-02-08 17:00,48,0.8178,0.8957,1.0
2026-02-06 00:00,2026-02-08 13:00,2026-02-08 18:00,48,0.9667,0.9667,1.0
2026-02-06 00:00,2026-02-08 14:00,2026-02-08 19:00,48,0.9667,0.9667,1.0
2026-02-06 00:00,2026-02-08 15:00,2026-02-08 20:00,48,0.9667,0.9667,1.0
2026-02-06 00:00,2026-02-08 16:00,2026-02-08 21:00,48,0.9667,0.9667,1.0
2026-02-06 00:00,2026-02-08 17:00,2026-02-08 22:00,48,0.9667,0.9667,1.0
2026-02-06 00:00,2026-02-08 18:00,2026-02-08 23:00,48,0.9667,0.9667,1.0
2026-02-06 00:00,2026-02-08 19:00,2026-02-09 00:00,48,0.9667,0.9667,1.0
2026-02-06 00:00,2026-02-08 20:00,2026-02-09 01:00,48,0.9667,0.9667,1.0
2026-02-06 00:00,2026-02-08 21:00,2026-02-09 02:00,48,0.9667,0.9667,1.0
2026-02-06 00:00,2026-02-08 22:00,2026-02-09 03:00,48,0.9259,0.9259,1.0
2026-02-06 00:00,2026-02-08 23:00,2026-02-09 04:00,48,0.9117,0.9117,1.0
2026-02-07 00:00,2026-02-09 00:00,2026-02-09 05:00,48,0.8826,0.8826,1.0
2026-02-07 00:00,2026-02-09 01:00,2026-02-09 06:00,48,0.9111,0.9111,1.0
2026-02-07 00:00,2026-02-09 02:00,2026-02-09 07:00,48,0.9076,0.9076,1.0
2026-02-07 00:00,2026-02-09 03:00,2026-02-09 08:00,48,0.9029,0.9029,1.0
2026-02-07 00:00,2026-02-09 04:00,2026-02-09 09:00,48,0.895,0.895,1.0
2026-02-07 00:00,2026-02-09 05:00,2026-02-09 10:00,48,0.8796,0.8796,1.0
2026-02-07 00:00,2026-02-09 06:00,2026-02-09 11:00,48,0.8282,0.8282,1.0
2026-02-07 00:00,2026-02-09 07:00,2026-02-09 12:00,48,0.8269,0.8269,1.0
2026-02-07 00:00,2026-02-09 08:00,2026-02-09 13:00,48,0.8713,0.8713,1.0
2026-02-07 00:00,2026-02-09 09:00,2026-02-09 14:00,48,0.8528,0.8732,1.0
2026-02-07 00:00,2026-02-09 10:00,2026-02-09 15:00,48,0.7796,0.8572,1.0
2026-02-07 00:00,2026-02-09 11:00,2026-02-09 16:00,48,0.7995,0.8412,1.0
2026-02-07 00:00,2026-02-09 12:00,2026-02-09 17:00,48,0.8298,0.8298,1.0
2026-02-07 00:00,2026-02-09 13:00,2026-02-09 18:00,48,0.8417,0.8635,0.9984
2026-02-07 00:00,2026-02-09 14:00,2026-02-09 19:00,48,0.7469,0.7469,0.9903
2026-02-07 00:00,2026-02-09 15:00,2026-02-09 20:00,48,0.3747,0.4149,0.8428
2026-02-07 00:00,2026-02-09 16:00,2026-02-09 21:00,48,0.0467,0.4207,0.7125
2026-02-07 00:00,2026-02-09 17:00,2026-02-09 22:00,48,0.0,0.2436,0.8758
2026-02-07 00:00,2026-02-09 18:00,2026-02-09 23:00,48,0.0103,0.0752,0.6253
2026-02-07 00:00,2026-02-09 19:00,2026-02-10 00:00,48,0.0278,0.3513,0.8655
2026-02-07 00:00,2026-02-09 20:00,2026-02-10 01:00,48,0.0118,0.4,0.9118
2026-02-07 00:00,2026-02-09 21:00,2026-02-10 02:00,48,0.0465,0.4385,0.9185
2026-02-07 00:00,2026-02-09 22:00,2026-02-10 03:00,48,0.0523,0.3313,0.9002
2026-02-07 00:00,2026-02-09 23:00,2026-02-10 04:00,48,0.0119,0.342,0.9107
2026-02-08 00:00,2026-02-10 00:00,2026-02-10 05:00,48,0.0246,0.0246,0.8087
2026-02-08 00:00,2026-02-10 01:00,2026-02-10 06:00,48,0.2174,0.5104,0.9942
2026-02-08 00:00,2026-02-10 02:00,2026-02-10 07:00,48,0.1405,0.3594,0.9112
2026-02-08 00:00,2026-02-10 03:00,2026-02-10 08:00,48,0.0,0.438,0.8691
2026-02-08 00:00,2026-02-10 04:00,2026-02-10 09:00,48,0.0,0.3147,0.8295
2026-02-08 00:00,2026-02-10 05:00,2026-02-10 10:00,48,0.0027,0.3173,0.86
2026-02-08 00:00,2026-02-10 06:00,2026-02-10 11:00,48,0.0,0.2637,0.756
2026-02-08 00:00,2026-02-10 07:00,2026-02-10 12:00,48,0.0008,0.2065,0.7178
2026-02-08 00:00,2026-02-10 08:00,2026-02-10 13:00,48,0.015,0.2781,0.8595
2026-02-08 00:00,2026-02-10 09:00,2026-02-10 14:00,48,0.0,0.299,0.9219
2026-02-08 00:00,2026-02-10 10:00,2026-02-10 15:00,48,0.0,0.3092,0.9104
2026-02-08 00:00,2026-02-10 11:00,2026-02-10 16:00,48,0.0,0.2326,0.8556
2026-02-08 00:00,2026-02-10 12:00,2026-02-10 17:00,48,0.0,0.3612,0.8586
2026-02-08 00:00,2026-02-10 13:00,2026-02-10 18:00,48,0.0053,0.3636,0.9617
2026-02-08 00:00,2026-02-10 14:00,2026-02-10 19:00,48,0.0,0.3587,0.7575
2026-02-08 00:00,2026-02-10 15:00,2026-02-10 20:00,48,0.0075,0.461,0.8053
2026-02-08 00:00,2026-02-10 16:00,2026-02-10 21:00,48,0.1786,0.6198,0.9867
2026-02-08 00:00,2026-02-10 17:00,2026-02-10 22:00,48,0.6008,0.7339,1.0
2026-02-08 00:00,2026-02-10 18:00,2026-02-10 23:00,48,0.8886,0.8886,1.0
2026-02-08 00:00,2026-02-10 19:00,2026-02-11 00:00,48,0.9653,0.9653,1.0
2026-02-08 00:00,2026-02-10 20:00,2026-02-11 01:00,48,0.962,0.962,1.0
2026-02-08 00:00,2026-02-10 21:00,2026-02-11 02:00,48,0.9543,0.9543,1.0
2026-02-08 00:00,2026-02-10 22:00,2026-02-11 03:00,48,0.9151,0.9151,1.0
2026-02-08 00:00,2026-02-10 23:00,2026-02-11 04:00,48,0.9126,0.9126,1.0
2026-02-09 00:00,2026-02-11 00:00,2026-02-11 05:00,48,0.0364,0.2641,0.9037
2026-02-09 00:00,2026-02-11 01:00,2026-02-11 06:00,48,0.0,0.0674,0.4919
2026-02-09 00:00,2026-02-11 02:00,2026-02-11 07:00,48,0.0,0.0,0.3255
2026-02-09 00:00,2026-02-11 03:00,2026-02-11 08:00,48,0.0,0.0,0.3481
2026-02-09 00:00,2026-02-11 04:00,2026-02-11 09:00,48,0.0,0.0162,0.43
2026-02-09 00:00,2026-02-11 05:00,2026-02-11 10:00,48,0.0,0.1564,0.6183
2026-02-09 00:00,2026-02-11 06:00,2026-02-11 11:00,48,0.0,0.4807,0.9724
2026-02-09 00:00,2026-02-11 07:00,2026-02-11 12:00,48,0.1711,0.5078,0.9966
2026-02-09 00:00,2026-02-11 08:00,2026-02-11 13:00,48,0.0527,0.2467,0.9932
2026-02-09 00:00,2026-02-11 09:00,2026-02-11 14:00,48,0.0114,0.5238,0.8375
2026-02-09 00:00,2026-02-11 10:00,2026-02-11 15:00,48,0.1697,0.4077,0.9553
2026-02-09 00:00,2026-02-11 11:00,2026-02-11 16:00,48,0.3543,0.6955,1.0
2026-02-09 00:00,2026-02-11 12:00,2026-02-11 17:00,48,0.3665,0.7221,1.0
2026-02-09 00:00,2026-02-11 13:00,2026-02-11 18:00,48,0.5132,0.8117,1.0
2026-02-09 00:00,2026-02-11 14:00,2026-02-11 19:00,48,0.5144,0.7936,1.0
2026-02-09 00:00,2026-02-11 15:00,2026-02-11 20:00,48,0.9392,0.9392,1.0
2026-02-09 00:00,2026-02-11 16:00,2026-02-11 21:00,48,0.8954,0.8954,1.0
2026-02-09 00:00,2026-02-11 17:00,2026-02-11 22:00,48,0.7998,0.8379,1.0
2026-02-09 00:00,2026-02-11 18:00,2026-02-11 23:00,48,0.5768,0.7346,1.0
2026-02-09 00:00,2026-02-11 19:00,2026-02-12 00:00,48,0.614,0.7001,1.0
2026-02-09 00:00,2026-02-11 20:00,2026-02-12 01:00,48,0.756,0.756,0.9938
2026-02-09 00:00,2026-02-11 21:00,2026-02-12 02:00,48,0.6644,0.7841,1.0
2026-02-09 00:00,2026-02-11 22:00,2026-02-12 03:00,48,0.538,0.759,0.981
2026-02-09 00:00,2026-02-11 23:00,2026-02-12 04:00,48,0.3271,0.5755,0.9916
2026-02-10 00:00,2026-02-12 00:00,2026-02-12 05:00,48,0.0082,0.4402,0.8438
2026-02-10 00:00,2026-02-12 01:00,2026-02-12 06:00,48,0.0,0.2687,0.754
2026-02-10 00:00,2026-02-12 02:00,2026-02-12 07:00,48,0.0,0.1322,0.5555
2026-02-10 00:00,2026-02-12 03:00,2026-02-12 08:00,48,0.0,0.0866,0.4656
2026-02-10 00:00,2026-02-12 04:00,2026-02-12 09:00,48,0.0,0.0,0.3573
2026-02-10 00:00,2026-02-12 05:00,2026-02-12 10:00,48,0.0,0.0,0.3635
2026-02-10 00:00,2026-02-12 06:00,2026-02-12 11:00,48,0.0,0.0,0.1762
2026-02-10 00:00,2026-02-12 07:00,2026-02-12 12:00,48,0.0,0.0,0.1386
2026-02-10 00:00,2026-02-12 08:00,2026-02-12 13:00,48,0.0,0.0,0.2192
2026-02-10 00:00,2026-02-12 09:00,2026-02-12 14:00,48,0.0,0.0,0.1991
2026-02-10 00:00,2026-02-12 10:00,2026-02-12 15:00,48,0.0,0.0,0.2717
2026-02-10 00:00,2026-02-12 11:00,2026-02-12 16:00,48,0.0,0.0074,0.2485
2026-02-10 00:00,2026-02-12 12:00,2026-02-12 17:00,48,0.0,0.0,0.3199
2026-02-10 00:00,2026-02-12 13:00,2026-02-12 18:00,48,0.0,0.0144,0.5584
2026-02-10 00:00,2026-02-12 14:00,2026-02-12 19:00,48,0.0,0.0457,0.5852
2026-02-10 00:00,2026-02-12 15:00,2026-02-12 20:00,48,0.0077,0.1146,0.6201
2026-02-10 00:00,2026-02-12 16:00,2026-02-12 21:00,48,0.018,0.2368,0.7647
2026-02-10 00:00,2026-02-12 17:00,2026-02-12 22:00,48,0.0,0.1619,0.7361
2026-02-10 00:00,2026-02-12 18:00,2026-02-12 23:00,48,0.0042,0.2147,0.8349
2026-02-10 00:00,2026-02-12 19:00,2026-02-13 00:00,48,0.0,0.2789,0.8211
2026-02-10 00:00,2026-02-12 20:00,2026-02-13 01:00,48,0.0162,0.1519,0.7497
2026-02-10 00:00,2026-02-12 21:00,2026-02-13 02:00,48,0.0085,0.101,0.6107
2026-02-10 00:00,2026-02-12 22:00,2026-02-13 03:00,48,0.0,0.0,0.4267
2026-02-10 00:00,2026-02-12 23:00,2026-02-13 04:00,48,0.0,0.0117,0.3663
2026-02-11 00:00,2026-02-13 00:00,2026-02-13 05:00,48,0.0,0.0,0.2671
2026-02-11 00:00,2026-02-13 01:00,2026-02-13 06:00,48,0.0,0.0,0.2058
2026-02-11 00:00,2026-02-13 02:00,2026-02-13 07:00,48,0.0,0.0,0.2207
2026-02-11 00:00,2026-02-13 03:00,2026-02-13 08:00,48,0.0,0.0,0.2474
2026-02-11 00:00,2026-02-13 04:00,2026-02-13 09:00,48,0.0,0.0,0.2017
2026-02-11 00:00,2026-02-13 05:00,2026-02-13 10:00,48,0.0,0.0,0.1876
2026-02-11 00:00,2026-02-13 06:00,2026-02-13 11:00,48,0.0,0.0,0.1561
2026-02-11 00:00,2026-02-13 07:00,2026-02-13 12:00,48,0.0,0.0,0.0582
2026-02-11 00:00,2026-02-13 08:00,2026-02-13 13:00,48,0.0,0.0,0.1782
2026-02-11 00:00,2026-02-13 09:00,2026-02-13 14:00,48,0.0,0.0,0.1528
2026-02-11 00:00,2026-02-13 10:00,2026-02-13 15:00,48,0.0,0.0,0.2663
2026-02-11 00:00,2026-02-13 11:00,2026-02-13 16:00,48,0.0,0.0,0.1904
2026-02-11 00:00,2026-02-13 12:00,2026-02-13 17:00,48,0.0,0.0013,0.3347
2026-02-11 00:00,2026-02-13 13:00,2026-02-13 18:00,48,0.0,0.0036,0.3928
2026-02-11 00:00,2026-02-13 14:00,2026-02-13 19:00,48,0.0,0.0157,0.6563
2026-02-11 00:00,2026-02-13 15:00,2026-02-13 20:00,48,0.0,0.0252,0.5431
2026-02-11 00:00,2026-02-13 16:00,2026-02-13 21:00,48,0.0,0.0661,0.5789
2026-02-11 00:00,2026-02-13 17:00,2026-02-13 22:00,48,0.0,0.1538,0.6597
2026-02-11 00:00,2026-02-13 18:00,2026-02-13 23:00,48,0.1362,0.3797,0.9146
2026-02-11 00:00,2026-02-13 19:00,2026-02-14 00:00,48,0.2755,0.4418,0.9626
2026-02-11 00:00,2026-02-13 20:00,2026-02-14 01:00,48,0.6662,0.6662,0.9802
2026-02-11 00:00,2026-02-13 21:00,2026-02-14 02:00,48,0.6915,0.6915,0.9822
2026-02-11 00:00,2026-02-13 22:00,2026-02-14 03:00,48,0.6866,0.6866,0.9853
2026-02-11 00:00,2026-02-13 23:00,2026-02-14 04:00,48,0.6723,0.6723,0.9697
2026-02-12 00:00,2026-02-14 00:00,2026-02-14 05:00,48,0.2281,0.2783,0.9806
2026-02-12 00:00,2026-02-14 01:00,2026-02-14 06:00,48,0.0454,0.376,0.9529
2026-02-12 00:00,2026-02-14 02:00,2026-02-14 07:00,48,0.0397,0.3091,0.902
2026-02-12 00:00,2026-02-14 03:00,2026-02-14 08:00,48,0.0988,0.2497,0.7809
2026-02-12 00:00,2026-02-14 04:00,2026-02-14 09:00,48,0.0519,0.2204,0.72
2026-02-12 00:00,2026-02-14 05:00,2026-02-14 10:00,48,0.0424,0.2274,0.8618
2026-02-12 00:00,2026-02-14 06:00,2026-02-14 11:00,48,0.0628,0.294,0.8579
2026-02-12 00:00,2026-02-14 07:00,2026-02-14 12:00,48,0.0364,0.3101,0.9138
2026-02-12 00:00,2026-02-14 08:00,2026-02-14 13:00,48,0.0,0.3632,0.9378
2026-02-12 00:00,2026-02-14 09:00,2026-02-14 14:00,48,0.0132,0.3004,0.7891
2026-02-12 00:00,2026-02-14 10:00,2026-02-14 15:00,48,0.0,0.2349,0.8748
2026-02-12 00:00,2026-02-14 11:00,2026-02-14 16:00,48,0.0108,0.3601,0.7518
2026-02-12 00:00,2026-02-14 12:00,2026-02-14 17:00,48,0.0,0.3186,0.8891
2026-02-12 00:00,2026-02-14 13:00,2026-02-14 18:00,48,0.0,0.2675,0.8803
2026-02-12 00:00,2026-02-14 14:00,2026-02-14 19:00,48,0.0,0.3548,0.8325
2026-02-12 00:00,2026-02-14 15:00,2026-02-14 20:00,48,0.0,0.1736,0.5999
2026-02-12 00:00,2026-02-14 16:00,2026-02-14 21:00,48,0.0,0.1901,0.4702
2026-02-12 00:00,2026-02-14 17:00,2026-02-14 22:00,48,0.0,0.1436,0.4892
2026-02-12 00:00,2026-02-14 18:00,2026-02-14 23:00,48,0.0,0.109,0.5831
2026-02-12 00:00,2026-02-14 19:00,2026-02-15 00:00,48,0.0,0.0994,0.3902
2026-02-12 00:00,2026-02-14 20:00,2026-02-15 01:00,48,0.0,0.0682,0.3372
2026-02-12 00:00,2026-02-14 21:00,2026-02-15 02:00,48,0.0,0.0035,0.4573
2026-02-12 00:00,2026-02-14 22:00,2026-02-15 03:00,48,0.0,0.0,0.3428
2026-02-12 00:00,2026-02-14 23:00,2026-02-15 04:00,48,0.0,0.0,0.2578
2026-02-13 00:00,2026-02-15 00:00,2026-02-15 05:00,48,0.0,0.0,0.4788
2026-02-13 00:00,2026-02-15 01:00,2026-02-15 06:00,48,0.0,0.0192,0.4587
2026-02-13 00:00,2026-02-15 02:00,2026-02-15 07:00,48,0.0,0.0596,0.582
2026-02-13 00:00,2026-02-15 03:00,2026-02-15 08:00,48,0.0,0.1715,0.8349
2026-02-13 00:00,2026-02-15 04:00,2026-02-15 09:00,48,0.1027,0.4732,0.9649
2026-02-13 00:00,2026-02-15 05:00,2026-02-15 10:00,48,0.7663,0.7663,0.9851
2026-02-13 00:00,2026-02-15 06:00,2026-02-15 11:00,48,0.6683,0.6683,1.0
2026-02-13 00:00,2026-02-15 07:00,2026-02-15 12:00,48,0.7178,0.7178,1.0
2026-02-13 00:00,2026-02-15 08:00,2026-02-15 13:00,48,0.7235,0.7559,1.0
2026-02-13 00:00,2026-02-15 09:00,2026-02-15 14:00,48,0.7259,0.7703,0.9986
2026-02-13 00:00,2026-02-15 10:00,2026-02-15 15:00,48,0.7604,0.7895,1.0
2026-02-13 00:00,2026-02-15 11:00,2026-02-15 16:00,48,0.6728,0.7919,0.9986
2026-02-13 00:00,2026-02-15 12:00,2026-02-15 17:00,48,0.8441,0.8441,1.0
2026-02-13 00:00,2026-02-15 13:00,2026-02-15 18:00,48,0.8837,0.8837,1.0
2026-02-13 00:00,2026-02-15 14:00,2026-02-15 19:00,48,0.8965,0.8965,1.0
2026-02-13 00:00,2026-02-15 15:00,2026-02-15 20:00,48,0.913,0.913,1.0
2026-02-13 00:00,2026-02-15 16:00,2026-02-15 21:00,48,0.884,0.9183,1.0
2026-02-13 00:00,2026-02-15 17:00,2026-02-15 22:00,48,0.873,0.8895,1.0
2026-02-13 00:00,2026-02-15 18:00,2026-02-15 23:00,48,0.896,0.896,1.0
2026-02-13 00:00,2026-02-15 19:00,2026-02-16 00:00,48,0.8992,0.8992,1.0
2026-02-13 00:00,2026-02-15 20:00,2026-02-16 01:00,48,0.8461,0.8461,0.9942
2026-02-13 00:00,2026-02-15 21:00,2026-02-16 02:00,48,0.8297,0.8297,1.0
2026-02-13 00:00,2026-02-15 22:00,2026-02-16 03:00,48,0.7879,0.7879,1.0
2026-02-13 00:00,2026-02-15 23:00,2026-02-16 04:00,48,0.5587,0.5587,0.9562
2026-02-14 00:00,2026-02-16 00:00,2026-02-16 05:00,48,0.7785,0.7785,1.0
2026-02-14 00:00,2026-02-16 01:00,2026-02-16 06:00,48,0.5414,0.5414,0.979
2026-02-14 00:00,2026-02-16 02:00,2026-02-16 07:00,48,0.4033,0.4558,0.9458
2026-02-14 00:00,2026-02-16 03:00,2026-02-16 08:00,48,0.5868,0.5868,0.9672
2026-02-14 00:00,2026-02-16 04:00,2026-02-16 09:00,48,0.699,0.747,1.0
2026-02-14 00:00,2026-02-16 05:00,2026-02-16 10:00,48,0.709,0.726,1.0
2026-02-14 00:00,2026-02-16 06:00,2026-02-16 11:00,48,0.4182,0.6707,0.981
2026-02-14 00:00,2026-02-16 07:00,2026-02-16 12:00,48,0.3906,0.6996,0.9814
2026-02-14 00:00,2026-02-16 08:00,2026-02-16 13:00,48,0.4578,0.7522,0.9853
2026-02-14 00:00,2026-02-16 09:00,2026-02-16 14:00,48,0.3559,0.6854,0.9865
2026-02-14 00:00,2026-02-16 10:00,2026-02-16 15:00,48,0.3403,0.7052,0.9901
2026-02-14 00:00,2026-02-16 11:00,2026-02-16 16:00,48,0.5239,0.8114,0.9895
2026-02-14 00:00,2026-02-16 12:00,2026-02-16 17:00,48,0.6971,0.7251,1.0
2026-02-14 00:00,2026-02-16 13:00,2026-02-16 18:00,48,0.7418,0.8147,0.9999
2026-02-14 00:00,2026-02-16 14:00,2026-02-16 19:00,48,0.7295,0.78,1.0
2026-02-14 00:00,2026-02-16 15:00,2026-02-16 20:00,48,0.6687,0.7692,0.9945
2026-02-14 00:00,2026-02-16 16:00,2026-02-16 21:00,48,0.7073,0.7073,1.0
2026-02-14 00:00,2026-02-16 17:00,2026-02-16 22:00,48,0.7025,0.7581,0.9938
2026-02-14 00:00,2026-02-16 18:00,2026-02-16 23:00,48,0.7111,0.7111,0.9707
2026-02-14 00:00,2026-02-16 19:00,2026-02-17 00:00,48,0.7791,0.7791,0.9848
2026-02-14 00:00,2026-02-16 20:00,2026-02-17 01:00,48,0.6497,0.6497,0.9927
2026-02-14 00:00,2026-02-16 21:00,2026-02-17 02:00,48,0.6475,0.6475,0.9989
2026-02-14 00:00,2026-02-16 22:00,2026-02-17 03:00,48,0.6297,0.6297,0.9896
2026-02-14 00:00,2026-02-16 23:00,2026-02-17 04:00,48,0.5844,0.5844,0.9453
2026-02-15 00:00,2026-02-17 00:00,2026-02-17 05:00,48,0.0,0.2198,0.4761
2026-02-15 00:00,2026-02-17 01:00,2026-02-17 06:00,48,0.0,0.0761,0.4278
2026-02-15 00:00,2026-02-17 02:00,2026-02-17 07:00,48,0.0,0.1115,0.4969
2026-02-15 00:00,2026-02-17 03:00,2026-02-17 08:00,48,0.0,0.1443,0.4927
2026-02-15 00:00,2026-02-17 04:00,2026-02-17 09:00,48,0.0,0.1178,0.5434
2026-02-15 00:00,2026-02-17 05:00,2026-02-17 10:00,48,0.0016,0.1452,0.6623
2026-02-15 00:00,2026-02-17 06:00,2026-02-17 11:00,48,0.0224,0.3088,0.8545
2026-02-15 00:00,2026-02-17 07:00,2026-02-17 12:00,48,0.0294,0.441,0.9396
2026-02-15 00:00,2026-02-17 08:00,2026-02-17 13:00,48,0.0586,0.4302,0.9609
2026-02-15 00:00,2026-02-17 09:00,2026-02-17 14:00,48,0.0664,0.462,0.9686
2026-02-15 00:00,2026-02-17 10:00,2026-02-17 15:00,48,0.1058,0.4882,0.964
2026-02-15 00:00,2026-02-17 11:00,2026-02-17 16:00,48,0.1022,0.4368,0.9684
2026-02-15 00:00,2026-02-17 12:00,2026-02-17 17:00,48,0.1639,0.5442,1.0
2026-02-15 00:00,2026-02-17 13:00,2026-02-17 18:00,48,0.4135,0.5896,0.9836
2026-02-15 00:00,2026-02-17 14:00,2026-02-17 19:00,48,0.6108,0.6256,0.992
2026-02-15 00:00,2026-02-17 15:00,2026-02-17 20:00,48,0.6892,0.6962,1.0
2026-02-15 00:00,2026-02-17 16:00,2026-02-17 21:00,48,0.7124,0.7329,0.9958
2026-02-15 00:00,2026-02-17 17:00,2026-02-17 22:00,48,0.73,0.7852,0.9926
2026-02-15 00:00,2026-02-17 18:00,2026-02-17 23:00,48,0.5854,0.664,0.9512
2026-02-15 00:00,2026-02-17 19:00,2026-02-18 00:00,48,0.5939,0.7019,0.9779
2026-02-15 00:00,2026-02-17 20:00,2026-02-18 01:00,48,0.6699,0.6774,0.9868
2026-02-15 00:00,2026-02-17 21:00,2026-02-18 02:00,48,0.684,0.684,0.9983
2026-02-15 00:00,2026-02-17 22:00,2026-02-18 03:00,48,0.7454,0.7454,0.9972
2026-02-15 00:00,2026-02-17 23:00,2026-02-18 04:00,48,0.7614,0.7614,1.0
2026-02-16 00:00,2026-02-18 00:00,2026-02-18 05:00,48,0.7688,0.7688,1.0
2026-02-16 00:00,2026-02-18 01:00,2026-02-18 06:00,48,0.8037,0.8037,1.0
2026-02-16 00:00,2026-02-18 02:00,2026-02-18 07:00,48,0.824,0.824,1.0
2026-02-16 00:00,2026-02-18 03:00,2026-02-18 08:00,48,0.8667,0.8667,1.0
2026-02-16 00:00,2026-02-18 04:00,2026-02-18 09:00,48,0.8437,0.8437,1.0
2026-02-16 00:00,2026-02-18 05:00,2026-02-18 10:00,48,0.7035,0.7274,1.0
2026-02-16 00:00,2026-02-18 06:00,2026-02-18 11:00,48,0.7637,0.7825,1.0
2026-02-16 00:00,2026-02-18 07:00,2026-02-18 12:00,48,0.8303,0.8731,1.0
2026-02-16 00:00,2026-02-18 08:00,2026-02-18 13:00,48,0.8359,0.8776,1.0
2026-02-16 00:00,2026-02-18 09:00,2026-02-18 14:00,48,0.9345,0.9345,1.0
2026-02-16 00:00,2026-02-18 10:00,2026-02-18 15:00,48,0.8842,0.8842,1.0
2026-02-16 00:00,2026-02-18 11:00,2026-02-18 16:00,48,0.7263,0.7858,1.0
2026-02-16 00:00,2026-02-18 12:00,2026-02-18 17:00,48,0.6911,0.8242,1.0
2026-02-16 00:00,2026-02-18 13:00,2026-02-18 18:00,48,0.6531,0.7132,0.989
2026-02-16 00:00,2026-02-18 14:00,2026-02-18 19:00,48,0.6399,0.7146,0.9808
2026-02-16 00:00,2026-02-18 15:00,2026-02-18 20:00,48,0.6286,0.6855,0.9491
2026-02-16 00:00,2026-02-18 16:00,2026-02-18 21:00,48,0.6544,0.6544,0.9746
2026-02-16 00:00,2026-02-18 17:00,2026-02-18 22:00,48,0.6634,0.695,0.9578
2026-02-16 00:00,2026-02-18 18:00,2026-02-18 23:00,48,0.7158,0.7158,0.9654
2026-02-16 00:00,2026-02-18 19:00,2026-02-19 00:00,48,0.6649,0.709,0.9603
2026-02-16 00:00,2026-02-18 20:00,2026-02-19 01:00,48,0.7065,0.7065,0.9762
2026-02-16 00:00,2026-02-18 21:00,2026-02-19 02:00,48,0.6873,0.6873,0.9751
2026-02-16 00:00,2026-02-18 22:00,2026-02-19 03:00,48,0.6974,0.6974,0.9728
2026-02-16 00:00,2026-02-18 23:00,2026-02-19 04:00,48,0.5841,0.5841,0.942
2026-02-17 00:00,2026-02-19 00:00,2026-02-19 05:00,48,0.6377,0.7006,0.9679
2026-02-17 00:00,2026-02-19 01:00,2026-02-19 06:00,48,0.6609,0.6989,0.9954
2026-02-17 00:00,2026-02-19 02:00,2026-02-19 07:00,48,0.6703,0.6703,0.9819
2026-02-17 00:00,2026-02-19 03:00,2026-02-19 08:00,48,0.7351,0.7351,0.9938
2026-02-17 00:00,2026-02-19 04:00,2026-02-19 09:00,48,0.5772,0.6193,0.9974
2026-02-17 00:00,2026-02-19 05:00,2026-02-19 10:00,48,0.5139,0.6345,1.0
2026-02-17 00:00,2026-02-19 06:00,2026-02-19 11:00,48,0.2009,0.4544,0.983
2026-02-17 00:00,2026-02-19 07:00,2026-02-19 12:00,48,0.0778,0.4473,0.8495
2026-02-17 00:00,2026-02-19 08:00,2026-02-19 13:00,48,0.0822,0.301,0.7623
2026-02-17 00:00,2026-02-19 09:00,2026-02-19 14:00,48,0.0,0.1629,0.6344
2026-02-17 00:00,2026-02-19 10:00,2026-02-19 15:00,48,0.0,0.192,0.6627
2026-02-17 00:00,2026-02-19 11:00,2026-02-19 16:00,48,0.0,0.2037,0.6103
2026-02-17 00:00,2026-02-19 12:00,2026-02-19 17:00,48,0.0,0.2142,0.5721
2026-02-17 00:00,2026-02-19 13:00,2026-02-19 18:00,48,0.0,0.1786,0.5467
2026-02-17 00:00,2026-02-19 14:00,2026-02-19 19:00,48,0.0,0.237,0.565
2026-02-17 00:00,2026-02-19 15:00,2026-02-19 20:00,48,0.0,0.0953,0.4449
2026-02-17 00:00,2026-02-19 16:00,2026-02-19 21:00,48,0.0,0.0392,0.4196
2026-02-17 00:00,2026-02-19 17:00,2026-02-19 22:00,48,0.0,0.156,0.5492
2026-02-17 00:00,2026-02-19 18:00,2026-02-19 23:00,48,0.0,0.1802,0.5176
2026-02-17 00:00,2026-02-19 19:00,2026-02-20 00:00,48,0.0134,0.2386,0.8376
2026-02-17 00:00,2026-02-19 20:00,2026-02-20 01:00,48,0.0,0.4176,0.9381
2026-02-17 00:00,2026-02-19 21:00,2026-02-20 02:00,48,0.0,0.3467,0.842
2026-02-17 00:00,2026-02-19 22:00,2026-02-20 03:00,48,0.0,0.3232,0.8753
2026-02-17 00:00,2026-02-19 23:00,2026-02-20 04:00,48,0.0,0.3248,0.9312
2026-02-18 00:00,2026-02-20 00:00,2026-02-20 05:00,48,0.0159,0.4225,0.8702
2026-02-18 00:00,2026-02-20 01:00,2026-02-20 06:00,48,0.0715,0.4899,0.8524
2026-02-18 00:00,2026-02-20 02:00,2026-02-20 07:00,48,0.0433,0.3869,0.8591
2026-02-18 00:00,2026-02-20 03:00,2026-02-20 08:00,48,0.0,0.3205,0.8312
2026-02-18 00:00,2026-02-20 04:00,2026-02-20 09:00,48,0.0,0.3267,0.8934
2026-02-18 00:00,2026-02-20 05:00,2026-02-20 10:00,48,0.0,0.1867,0.8255
2026-02-18 00:00,2026-02-20 06:00,2026-02-20 11:00,48,0.0,0.1437,0.6565
2026-02-18 00:00,2026-02-20 07:00,2026-02-20 12:00,48,0.0,0.0928,0.4897
2026-02-18 00:00,2026-02-20 08:00,2026-02-20 13:00,48,0.0,0.0515,0.4128
2026-02-18 00:00,2026-02-20 09:00,2026-02-20 14:00,48,0.0,0.0624,0.3617
2026-02-18 00:00,2026-02-20 10:00,2026-02-20 15:00,48,0.0,0.0484,0.342
2026-02-18 00:00,2026-02-20 11:00,2026-02-20 16:00,48,0.0,0.0458,0.2756
2026-02-18 00:00,2026-02-20 12:00,2026-02-20 17:00,48,0.0,0.1398,0.4038
2026-02-18 00:00,2026-02-20 13:00,2026-02-20 18:00,48,0.0,0.2926,0.7944
2026-02-18 00:00,2026-02-20 14:00,2026-02-20 19:00,48,0.0126,0.4126,0.6275
2026-02-18 00:00,2026-02-20 15:00,2026-02-20 20:00,48,0.1598,0.6117,1.0
2026-02-18 00:00,2026-02-20 16:00,2026-02-20 21:00,48,0.1749,0.6782,1.0
2026-02-18 00:00,2026-02-20 17:00,2026-02-20 22:00,48,0.501,0.6135,0.982
2026-02-18 00:00,2026-02-20 18:00,2026-02-20 23:00,48,0.4383,0.5572,0.8847
2026-02-18 00:00,2026-02-20 19:00,2026-02-21 00:00,48,0.5913,0.5991,0.9096
2026-02-18 00:00,2026-02-20 20:00,2026-02-21 01:00,48,0.6288,0.6288,0.9156
2026-02-18 00:00,2026-02-20 21:00,2026-02-21 02:00,48,0.5982,0.5982,0.8833
2026-02-18 00:00,2026-02-20 22:00,2026-02-21 03:00,48,0.6527,0.6527,0.9016
2026-02-18 00:00,2026-02-20 23:00,2026-02-21 04:00,48,0.6181,0.6181,0.9373
2026-02-19 00:00,2026-02-21 00:00,2026-02-21 05:00,48,0.6109,0.6109,0.9836
2026-02-19 00:00,2026-02-21 01:00,2026-02-21 06:00,48,0.4848,0.4848,0.9932
2026-02-19 00:00,2026-02-21 02:00,2026-02-21 07:00,48,0.1065,0.2071,0.9427
2026-02-19 00:00,2026-02-21 03:00,2026-02-21 08:00,48,0.1797,0.359,0.9308
2026-02-19 00:00,2026-02-21 04:00,2026-02-21 09:00,48,0.0101,0.1949,0.6724
2026-02-19 00:00,2026-02-21 05:00,2026-02-21 10:00,48,0.0319,0.4142,0.874
2026-02-19 00:00,2026-02-21 06:00,2026-02-21 11:00,48,0.2034,0.5213,1.0
2026-02-19 00:00,2026-02-21 07:00,2026-02-21 12:00,48,0.356,0.6522,1.0
2026-02-19 00:00,2026-02-21 08:00,2026-02-21 13:00,48,0.3448,0.6232,1.0
2026-02-19 00:00,2026-02-21 09:00,2026-02-21 14:00,48,0.3898,0.7067,1.0
2026-02-19 00:00,2026-02-21 10:00,2026-02-21 15:00,48,0.3607,0.6246,0.9757
2026-02-19 00:00,2026-02-21 11:00,2026-02-21 16:00,48,0.1874,0.5438,0.9541
2026-02-19 00:00,2026-02-21 12:00,2026-02-21 17:00,48,0.1084,0.442,0.8117
2026-02-19 00:00,2026-02-21 13:00,2026-02-21 18:00,48,0.0315,0.3651,0.8357
2026-02-19 00:00,2026-02-21 14:00,2026-02-21 19:00,48,0.1076,0.3915,0.9129
2026-02-19 00:00,2026-02-21 15:00,2026-02-21 20:00,48,0.2717,0.5485,0.9751
2026-02-19 00:00,2026-02-21 16:00,2026-02-21 21:00,48,0.2096,0.4914,1.0
2026-02-19 00:00,2026-02-21 17:00,2026-02-21 22:00,48,0.4251,0.6892,0.9979
2026-02-19 00:00,2026-02-21 18:00,2026-02-21 23:00,48,0.3822,0.6127,1.0
2026-02-19 00:00,2026-02-21 19:00,2026-02-22 00:00,48,0.4016,0.65,0.9997
2026-02-19 00:00,2026-02-21 20:00,2026-02-22 01:00,48,0.2308,0.4475,0.9731
2026-02-19 00:00,2026-02-21 21:00,2026-02-22 02:00,48,0.0767,0.3442,0.8732
2026-02-19 00:00,2026-02-21 22:00,2026-02-22 03:00,48,0.0,0.18,0.7685
2026-02-19 00:00,2026-02-21 23:00,2026-02-22 04:00,48,0.0,0.1924,0.7008
2026-02-20 00:00,2026-02-22 00:00,2026-02-22 05:00,48,0.0,0.0926,0.4167
2026-02-20 00:00,2026-02-22 01:00,2026-02-22 06:00,48,0.0,0.0275,0.3235
2026-02-20 00:00,2026-02-22 02:00,2026-02-22 07:00,48,0.0,0.0,0.22
2026-02-20 00:00,2026-02-22 03:00,2026-02-22 08:00,48,0.0,0.0,0.245
2026-02-20 00:00,2026-02-22 04:00,2026-02-22 09:00,48,0.0,0.0,0.2877
2026-02-20 00:00,2026-02-22 05:00,2026-02-22 10:00,48,0.0,0.116,0.7415
2026-02-20 00:00,2026-02-22 06:00,2026-02-22 11:00,48,0.0533,0.3431,0.8621
2026-02-20 00:00,2026-02-22 07:00,2026-02-22 12:00,48,0.1927,0.5214,1.0
2026-02-20 00:00,2026-02-22 08:00,2026-02-22 13:00,48,0.4683,0.7526,0.9976
2026-02-20 00:00,2026-02-22 09:00,2026-02-22 14:00,48,0.6435,0.8302,1.0
2026-02-20 00:00,2026-02-22 10:00,2026-02-22 15:00,48,0.7761,0.8878,1.0
2026-02-20 00:00,2026-02-22 11:00,2026-02-22 16:00,48,0.7072,0.8068,1.0
2026-02-20 00:00,2026-02-22 12:00,2026-02-22 17:00,48,0.4672,0.7373,1.0
2026-02-20 00:00,2026-02-22 13:00,2026-02-22 18:00,48,0.6268,0.673,1.0
2026-02-20 00:00,2026-02-22 14:00,2026-02-22 19:00,48,0.5698,0.5698,0.9872
2026-02-20 00:00,2026-02-22 15:00,2026-02-22 20:00,48,0.1584,0.491,0.9499
2026-02-20 00:00,2026-02-22 16:00,2026-02-22 21:00,48,0.1245,0.396,0.8751
2026-02-20 00:00,2026-02-22 17:00,2026-02-22 22:00,48,0.0594,0.2983,0.7697
2026-02-20 00:00,2026-02-22 18:00,2026-02-22 23:00,48,0.2411,0.5945,0.955
2026-02-20 00:00,2026-02-22 19:00,2026-02-23 00:00,48,0.2354,0.4762,0.9221
2026-02-20 00:00,2026-02-22 20:00,2026-02-23 01:00,48,0.1448,0.3703,0.8334
2026-02-20 00:00,2026-02-22 21:00,2026-02-23 02:00,48,0.0,0.237,0.6749
2026-02-20 00:00,2026-02-22 22:00,2026-02-23 03:00,48,0.0,0.2319,0.5578
2026-02-20 00:00,2026-02-22 23:00,2026-02-23 04:00,48,0.0,0.1448,0.6429
2026-02-21 00:00,2026-02-23 00:00,2026-02-23 05:00,48,0.0,0.0,0.1596
2026-02-21 00:00,2026-02-23 01:00,2026-02-23 06:00,48,0.0,0.0,0.2728
2026-02-21 00:00,2026-02-23 02:00,2026-02-23 07:00,48,0.0,0.0,0.2588
2026-02-21 00:00,2026-02-23 03:00,2026-02-23 08:00,48,0.0,0.0,0.1709
2026-02-21 00:00,2026-02-23 04:00,2026-02-23 09:00,48,0.0,0.0255,0.3348
2026-02-21 00:00,2026-02-23 05:00,2026-02-23 10:00,48,0.0,0.0411,0.3902
2026-02-21 00:00,2026-02-23 06:00,2026-02-23 11:00,48,0.0,0.0577,0.3626
2026-02-21 00:00,2026-02-23 07:00,2026-02-23 12:00,48,0.0,0.1338,0.5139
2026-02-21 00:00,2026-02-23 08:00,2026-02-23 13:00,48,0.0,0.2017,0.5758
2026-02-21 00:00,2026-02-23 09:00,2026-02-23 14:00,48,0.0021,0.3533,0.7709
2026-02-21 00:00,2026-02-23 10:00,2026-02-23 15:00,48,0.0796,0.4933,0.9064
2026-02-21 00:00,2026-02-23 11:00,2026-02-23 16:00,48,0.2114,0.4456,0.9237
2026-02-21 00:00,2026-02-23 12:00,2026-02-23 17:00,48,0.3012,0.5873,0.9742
2026-02-21 00:00,2026-02-23 13:00,2026-02-23 18:00,48,0.4749,0.703,1.0
2026-02-21 00:00,2026-02-23 14:00,2026-02-23 19:00,48,0.4802,0.7018,1.0
2026-02-21 00:00,2026-02-23 15:00,2026-02-23 20:00,48,0.5349,0.7398,1.0
2026-02-21 00:00,2026-02-23 16:00,2026-02-23 21:00,48,0.5175,0.7894,0.9986
2026-02-21 00:00,2026-02-23 17:00,2026-02-23 22:00,48,0.6034,0.7363,1.0
2026-02-21 00:00,2026-02-23 18:00,2026-02-23 23:00,48,0.733,0.7751,0.9979
2026-02-21 00:00,2026-02-23 19:00,2026-02-24 00:00,48,0.7293,0.8252,0.9986
2026-02-21 00:00,2026-02-23 20:00,2026-02-24 01:00,48,0.7385,0.8633,1.0
2026-02-21 00:00,2026-02-23 21:00,2026-02-24 02:00,48,0.6186,0.8657,1.0
2026-02-21 00:00,2026-02-23 22:00,2026-02-24 03:00,48,0.6432,0.7314,0.9987
2026-02-21 00:00,2026-02-23 23:00,2026-02-24 04:00,48,0.8401,0.8401,1.0
2026-02-22 00:00,2026-02-24 00:00,2026-02-24 05:00,48,0.6245,0.6245,1.0
2026-02-22 00:00,2026-02-24 01:00,2026-02-24 06:00,48,0.638,0.6601,1.0
2026-02-22 00:00,2026-02-24 02:00,2026-02-24 07:00,48,0.6358,0.6358,0.9933
2026-02-22 00:00,2026-02-24 03:00,2026-02-24 08:00,48,0.5726,0.6129,0.968
2026-02-22 00:00,2026-02-24 04:00,2026-02-24 09:00,48,0.2229,0.5694,0.9362
2026-02-22 00:00,2026-02-24 05:00,2026-02-24 10:00,48,0.2487,0.5196,0.9681
2026-02-22 00:00,2026-02-24 06:00,2026-02-24 11:00,48,0.2857,0.4618,0.964
2026-02-22 00:00,2026-02-24 07:00,2026-02-24 12:00,48,0.5094,0.5702,0.9845
2026-02-22 00:00,2026-02-24 08:00,2026-02-24 13:00,48,0.5122,0.5411,0.9753
2026-02-22 00:00,2026-02-24 09:00,2026-02-24 14:00,48,0.5909,0.6143,0.9915
2026-02-22 00:00,2026-02-24 10:00,2026-02-24 15:00,48,0.3693,0.5597,0.9901
2026-02-22 00:00,2026-02-24 11:00,2026-02-24 16:00,48,0.1967,0.4567,0.9771
2026-02-22 00:00,2026-02-24 12:00,2026-02-24 17:00,48,0.0991,0.3846,0.9666
2026-02-22 00:00,2026-02-24 13:00,2026-02-24 18:00,48,0.0737,0.3744,0.8934
2026-02-22 00:00,2026-02-24 14:00,2026-02-24 19:00,48,0.0088,0.4548,0.8606
2026-02-22 00:00,2026-02-24 15:00,2026-02-24 20:00,48,0.0,0.2837,0.8117
2026-02-22 00:00,2026-02-24 16:00,2026-02-24 21:00,48,0.0175,0.2356,0.6879
2026-02-22 00:00,2026-02-24 17:00,2026-02-24 22:00,48,0.0,0.1307,0.5889
2026-02-22 00:00,2026-02-24 18:00,2026-02-24 23:00,48,0.0,0.1137,0.4962
2026-02-22 00:00,2026-02-24 19:00,2026-02-25 00:00,48,0.0,0.0,0.4019
2026-02-22 00:00,2026-02-24 20:00,2026-02-25 01:00,48,0.0,0.0,0.2539
2026-02-22 00:00,2026-02-24 21:00,2026-02-25 02:00,48,0.0,0.0,0.2773
2026-02-22 00:00,2026-02-24 22:00,2026-02-25 03:00,48,0.0,0.0114,0.4059
2026-02-22 00:00,2026-02-24 23:00,2026-02-25 04:00,48,0.0,0.0993,0.5045
2026-02-23 00:00,2026-02-25 00:00,2026-02-25 05:00,48,0.0,0.0,0.4222
2026-02-23 00:00,2026-02-25 01:00,2026-02-25 06:00,48,0.0,0.0,0.4289
2026-02-23 00:00,2026-02-25 02:00,2026-02-25 07:00,48,0.0,0.0,0.4304
2026-02-23 00:00,2026-02-25 03:00,2026-02-25 08:00,48,0.1499,0.1499,0.7851
2026-02-23 00:00,2026-02-25 04:00,2026-02-25 09:00,48,0.2272,0.2272,1.0
2026-02-23 00:00,2026-02-25 05:00,2026-02-25 10:00,48,0.2419,0.2646,1.0
2026-02-23 00:00,2026-02-25 06:00,2026-02-25 11:00,48,0.2283,0.5905,1.0
2026-02-23 00:00,2026-02-25 07:00,2026-02-25 12:00,48,0.2707,0.7403,0.9803
2026-02-23 00:00,2026-02-25 08:00,2026-02-25 13:00,48,0.2009,0.6904,0.9944
2026-02-23 00:00,2026-02-25 09:00,2026-02-25 14:00,48,0.1659,0.6177,0.9151
2026-02-23 00:00,2026-02-25 10:00,2026-02-25 15:00,48,0.0695,0.3618,0.793
2026-02-23 00:00,2026-02-25 11:00,2026-02-25 16:00,48,0.049,0.3409,0.7848
2026-02-23 00:00,2026-02-25 12:00,2026-02-25 17:00,48,0.0233,0.234,0.6863
2026-02-23 00:00,2026-02-25 13:00,2026-02-25 18:00,48,0.0252,0.3472,0.8582
2026-02-23 00:00,2026-02-25 14:00,2026-02-25 19:00,48,0.0217,0.2065,0.6814
2026-02-23 00:00,2026-02-25 15:00,2026-02-25 20:00,48,0.069,0.3434,0.7743
2026-02-23 00:00,2026-02-25 16:00,2026-02-25 21:00,48,0.4074,0.7116,0.9961
2026-02-23 00:00,2026-02-25 17:00,2026-02-25 22:00,48,0.8106,0.8106,0.9959
2026-02-23 00:00,2026-02-25 18:00,2026-02-25 23:00,48,0.8047,0.8047,0.9958
2026-02-23 00:00,2026-02-25 19:00,2026-02-26 00:00,48,0.8279,0.8279,1.0
2026-02-23 00:00,2026-02-25 20:00,2026-02-26 01:00,48,0.8601,0.8601,1.0
2026-02-23 00:00,2026-02-25 21:00,2026-02-26 02:00,48,0.9318,0.9318,1.0
2026-02-23 00:00,2026-02-25 22:00,2026-02-26 03:00,48,0.9667,0.9667,1.0
2026-02-23 00:00,2026-02-25 23:00,2026-02-26 04:00,48,0.9667,0.9667,1.0
2026-02-24 00:00,2026-02-26 00:00,2026-02-26 05:00,48,0.8094,0.8094,1.0
2026-02-24 00:00,2026-02-26 01:00,2026-02-26 06:00,48,0.6203,0.6419,0.9893
2026-02-24 00:00,2026-02-26 02:00,2026-02-26 07:00,48,0.2747,0.2747,1.0
2026-02-24 00:00,2026-02-26 03:00,2026-02-26 08:00,48,0.3831,0.5305,1.0
2026-02-24 00:00,2026-02-26 04:00,2026-02-26 09:00,48,0.201,0.4131,0.9907
2026-02-24 00:00,2026-02-26 05:00,2026-02-26 10:00,48,0.0151,0.0151,0.8101
2026-02-24 00:00,2026-02-26 06:00,2026-02-26 11:00,48,0.0866,0.0866,0.8257
2026-02-24 00:00,2026-02-26 07:00,2026-02-26 12:00,48,0.0185,0.146,0.6702
2026-02-24 00:00,2026-02-26 08:00,2026-02-26 13:00,48,0.04,0.0683,0.6987
2026-02-24 00:00,2026-02-26 09:00,2026-02-26 14:00,48,0.1325,0.2882,0.8416
2026-02-24 00:00,2026-02-26 10:00,2026-02-26 15:00,48,0.1766,0.4107,0.9072
2026-02-24 00:00,2026-02-26 11:00,2026-02-26 16:00,48,0.1046,0.3975,0.8989
2026-02-24 00:00,2026-02-26 12:00,2026-02-26 17:00,48,0.2529,0.4471,0.9175
2026-02-24 00:00,2026-02-26 13:00,2026-02-26 18:00,48,0.1979,0.4977,0.9839
2026-02-24 00:00,2026-02-26 14:00,2026-02-26 19:00,48,0.316,0.5842,1.0
2026-02-24 00:00,2026-02-26 15:00,2026-02-26 20:00,48,0.5179,0.7225,1.0
2026-02-24 00:00,2026-02-26 16:00,2026-02-26 21:00,48,0.5566,0.7981,1.0
2026-02-24 00:00,2026-02-26 17:00,2026-02-26 22:00,48,0.5845,0.8025,1.0
2026-02-24 00:00,2026-02-26 18:00,2026-02-26 23:00,48,0.4449,0.7459,1.0
2026-02-24 00:00,2026-02-26 19:00,2026-02-27 00:00,48,0.4664,0.7614,1.0
2026-02-24 00:00,2026-02-26 20:00,2026-02-27 01:00,48,0.6062,0.7746,1.0
2026-02-24 00:00,2026-02-26 21:00,2026-02-27 02:00,48,0.5456,0.8009,1.0
2026-02-24 00:00,2026-02-26 22:00,2026-02-27 03:00,48,0.5536,0.7222,1.0
2026-02-24 00:00,2026-02-26 23:00,2026-02-27 04:00,48,0.5277,0.6532,0.9978
2026-02-25 00:00,2026-02-27 00:00,2026-02-27 05:00,48,0.1449,0.3523,0.9201
2026-02-25 00:00,2026-02-27 01:00,2026-02-27 06:00,48,0.0733,0.2817,0.8844
2026-02-25 00:00,2026-02-27 02:00,2026-02-27 07:00,48,0.0,0.2701,0.8701
2026-02-25 00:00,2026-02-27 03:00,2026-02-27 08:00,48,0.0268,0.193,0.8716
2026-02-25 00:00,2026-02-27 04:00,2026-02-27 09:00,48,0.0001,0.028,0.7091
2026-02-25 00:00,2026-02-27 05:00,2026-02-27 10:00,48,0.0,0.043,0.7471
2026-02-25 00:00,2026-02-27 06:00,2026-02-27 11:00,48,0.0,0.0659,0.6846
2026-02-25 00:00,2026-02-27 07:00,2026-02-27 12:00,48,0.0214,0.1256,0.7412
2026-02-25 00:00,2026-02-27 08:00,2026-02-27 13:00,48,0.1924,0.2961,0.9669
2026-02-25 00:00,2026-02-27 09:00,2026-02-27 14:00,48,0.51,0.51,0.9594
2026-02-25 00:00,2026-02-27 10:00,2026-02-27 15:00,48,0.5013,0.5013,0.9631
2026-02-25 00:00,2026-02-27 11:00,2026-02-27 16:00,48,0.3899,0.6334,0.9927
2026-02-25 00:00,2026-02-27 12:00,2026-02-27 17:00,48,0.4222,0.7542,0.996
2026-02-25 00:00,2026-02-27 13:00,2026-02-27 18:00,48,0.4434,0.7283,0.9998
2026-02-25 00:00,2026-02-27 14:00,2026-02-27 19:00,48,0.4488,0.6603,0.9967
2026-02-25 00:00,2026-02-27 15:00,2026-02-27 20:00,48,0.568,0.6577,0.9953
2026-02-25 00:00,2026-02-27 16:00,2026-02-27 21:00,48,0.7539,0.7539,0.9772
2026-02-25 00:00,2026-02-27 17:00,2026-02-27 22:00,48,0.729,0.729,0.942
2026-02-25 00:00,2026-02-27 18:00,2026-02-27 23:00,48,0.6025,0.6797,0.9695
2026-02-25 00:00,2026-02-27 19:00,2026-02-28 00:00,48,0.3811,0.6787,0.9471
2026-02-25 00:00,2026-02-27 20:00,2026-02-28 01:00,48,0.4004,0.708,0.9659
2026-02-25 00:00,2026-02-27 21:00,2026-02-28 02:00,48,0.4073,0.7674,0.9768
2026-02-25 00:00,2026-02-27 22:00,2026-02-28 03:00,48,0.447,0.7491,0.98
2026-02-25 00:00,2026-02-27 23:00,2026-02-28 04:00,48,0.6551,0.7847,1.0
2026-02-26 00:00,2026-02-28 00:00,2026-02-28 05:00,48,0.4655,0.7702,1.0
2026-02-26 00:00,2026-02-28 01:00,2026-02-28 06:00,48,0.4874,0.72,1.0
2026-02-26 00:00,2026-02-28 02:00,2026-02-28 07:00,48,0.4896,0.6729,1.0
2026-02-26 00:00,2026-02-28 03:00,2026-02-28 08:00,48,0.6304,0.6972,1.0
2026-02-26 00:00,2026-02-28 04:00,2026-02-28 09:00,48,0.5998,0.7074,1.0
2026-02-26 00:00,2026-02-28 05:00,2026-02-28 10:00,48,0.6297,0.7057,0.9993
2026-02-26 00:00,2026-02-28 06:00,2026-02-28 11:00,48,0.5826,0.6669,0.9728
2026-02-26 00:00,2026-02-28 07:00,2026-02-28 12:00,48,0.6089,0.6626,0.9844
2026-02-26 00:00,2026-02-28 08:00,2026-02-28 13:00,48,0.4313,0.6747,0.9956
2026-02-26 00:00,2026-02-28 09:00,2026-02-28 14:00,48,0.4451,0.672,0.9959
2026-02-26 00:00,2026-02-28 10:00,2026-02-28 15:00,48,0.4134,0.7125,0.9997
2026-02-26 00:00,2026-02-28 11:00,2026-02-28 16:00,48,0.4631,0.6958,1.0
2026-02-26 00:00,2026-02-28 12:00,2026-02-28 17:00,48,0.7841,0.7905,1.0
2026-02-26 00:00,2026-02-28 13:00,2026-02-28 18:00,48,0.7524,0.7719,1.0
2026-02-26 00:00,2026-02-28 14:00,2026-02-28 19:00,48,0.5361,0.7024,0.9649
2026-02-26 00:00,2026-02-28 15:00,2026-02-28 20:00,48,0.185,0.7362,0.9215
2026-02-26 00:00,2026-02-28 16:00,2026-02-28 21:00,48,0.122,0.5818,0.8024
2026-02-26 00:00,2026-02-28 17:00,2026-02-28 22:00,48,0.0459,0.4397,0.7136
2026-02-26 00:00,2026-02-28 18:00,2026-02-28 23:00,48,0.0135,0.3153,0.5872
2026-02-26 00:00,2026-02-28 19:00,2026-03-01 00:00,48,0.0,0.4497,0.6653
2026-02-26 00:00,2026-02-28 20:00,2026-03-01 01:00,48,0.0289,0.2586,0.6138
2026-02-26 00:00,2026-02-28 21:00,2026-03-01 02:00,48,0.0223,0.2966,0.6524
2026-02-26 00:00,2026-02-28 22:00,2026-03-01 03:00,48,0.0143,0.2439,0.4438
2026-02-26 00:00,2026-02-28 23:00,2026-03-01 04:00,48,0.0218,0.1315,0.4996
